agent_id,duration,x^0,x^1,x^2,x^3,x^4,x^5,x^6,x^7,x^8,y^0,y^1,y^2,y^3,y^4,y^5,y^6,y^7,y^8,z^0,z^1,z^2,z^3,z^4,z^5,z^6,z^7,z^8,yaw^0,yaw^1,yaw^2,yaw^3,yaw^4,yaw^5,yaw^6,yaw^7,yaw^8
1.0,0.44116475943558614,-8.291095025092513e-17,0.35360938665995195,-1.837413893055419e-13,2.3176358126765084e-12,-1.6967915525353835e-11,7.720860998983263e-11,-2.119459640236439e-10,3.1598741860221484e-10,-1.9426682252831016e-10,0.0,0.0,0.0,0.0,0.0,0.0,0.0,0.0,0.0,0.4999999999999987,9.443577282719277e-14,-2.648085349787311e-12,3.5100305176078746e-11,-2.53420612782664e-10,1.0542527192362442e-9,-2.5223712529591773e-9,3.2228753460887163e-9,-1.7030469905944232e-9,0.0,0.0,0.0,0.0,0.0,0.0,0.0,0.0,0.0
1.0,0.44116475943558625,0.1599999999999996,0.3536093866599494,1.1542859912995523e-13,-3.2113489505632682e-12,2.9957735804200615e-11,-1.387482973071276e-10,3.434237266432258e-10,-4.3397428917604083e-10,2.1969409070681538e-10,0.0,0.0,0.0,0.0,0.0,0.0,0.0,0.0,0.0,0.4999999999999987,9.443577282687579e-14,-2.6480853497792825e-12,3.5100305175963904e-11,-2.534206127817522e-10,1.0542527192321215e-9,-2.5223712529486166e-9,3.2228753460744685e-9,-1.7030469905865675e-9,0.0,0.0,0.0,0.0,0.0,0.0,0.0,0.0,0.0
1.0,0.4411647594355862,0.3199999999999992,0.35360938666001024,-2.01355134824222e-12,2.8620579865286583e-11,-2.1786183852184245e-10,9.455913109777685e-10,-2.3445218578772934e-9,3.0898867253162698e-9,-1.67826083775473e-9,0.0,0.0,0.0,0.0,0.0,0.0,0.0,0.0,0.0,0.4999999999999987,9.443577282695501e-14,-2.6480853497816542e-12,3.5100305176012294e-11,-2.5342061278224414e-10,1.0542527192347403e-9,-2.522371252956134e-9,3.222875346085504e-9,-1.7030469905930673e-9,0.0,0.0,0.0,0.0,0.0,0.0,0.0,0.0,0.0
1.0,0.4411647594355861,0.47999999999999926,0.3536093866599858,-1.0661327889764903e-12,1.381673281193793e-11,-1.0118380604638245e-10,4.362064055834819e-10,-1.0929507532265206e-9,1.4680848270820788e-9,-8.155142517502136e-10,0.0,0.0,0.0,0.0,0.0,0.0,0.0,0.0,0.0,0.4999999999999987,9.443577282719638e-14,-2.648085349784237e-12,3.510030517600483e-11,-2.534206127819434e-10,1.0542527192326184e-9,-2.5223712529492577e-9,3.2228753460746997e-9,-1.7030469905864105e-9,0.0,0.0,0.0,0.0,0.0,0.0,0.0,0.0,0.0
1.0,0.4411647594355863,0.6399999999999993,0.35360938665994956,-4.738845117770429e-16,-8.862099598740015e-13,1.1179593737258074e-11,-6.182609611647613e-11,1.7516021283728634e-10,-2.478295920336355e-10,1.3858504837508871e-10,0.0,0.0,0.0,0.0,0.0,0.0,0.0,0.0,0.0,0.4999999999999987,9.443577282688754e-14,-2.6480853497740937e-12,3.510030517584594e-11,-2.534206127806132e-10,1.0542527192263614e-9,-2.5223712529327133e-9,3.222875346051766e-9,-1.7030469905734505e-9,0.0,0.0,0.0,0.0,0.0,0.0,0.0,0.0,0.0
1.0,0.44116475943558653,0.8000000043452785,0.3536122806565099,-0.00018953395817444094,-0.05355747736991426,-0.008295291974076857,0.03600327527735681,-0.07627777077529937,0.0971166561975899,-0.05123698158474638,1.3181038371124562e-7,0.00024212603911101435,0.1563029153327228,-8.415338466275231e-5,-0.01552552753770691,-0.001844099567034751,0.004387480079256127,-0.0045770287279425104,0.0024505711912332917,0.4999999654284379,-1.681967260598391e-6,0.06751942613051733,0.0012729324133134105,0.0036124512844310764,-0.019052087799155012,0.04536252746590752,-0.05793799017815402,0.030614208096748016,0.0006932528270003608,0.8833269641067819,0.019530715164972644,-0.2588791417410544,1.8690809213321176,-7.775546046436262,18.603522159246996,-23.770027051936054,12.560669802665807
1.0,0.4411647594355861,0.9549686911728883,0.3205804993926867,-0.0712849794650315,-0.0475356045645326,0.00806792434287609,0.0043589760952943415,-0.002055499470242831,0.0019527186263642983,-0.0010980553849526979,0.03144102559945743,0.1357982177470837,0.13693030578801443,-0.027963344409483754,-0.0141849144905498,0.002109274703144625,0.00042743723335871947,0.00038492791231424837,-0.00026502634667970244,0.5139488989527323,0.0618597838182639,0.06881585787866672,2.3032957498409277e-5,-0.0011157906014210212,-6.965795067627731e-5,4.686692420894613e-5,-4.203059559978105e-5,2.3544729485717787e-5,0.4006850694528612,0.8840234666498469,7.705366994502164e-13,-1.4067532457781954e-11,1.2322326161834383e-10,-5.780123827866947e-10,1.4899982544698734e-9,-1.9908670941351936e-9,1.0780145128537774e-9
1.0,0.44116475943558564,1.081434618677597,0.23062683952249682,-0.12264086222510838,-0.026079836623763418,0.01470283964523266,0.00262272506594705,-0.0022066315970637653,0.0016478569819578805,-0.000864149361805883,0.11778065421616597,0.23778807012734512,0.0838574407928268,-0.048181477382276065,-0.00790878139801818,0.005010950615769907,-0.002170489458910226,0.002596836744470418,-0.0010958887641717805,0.5559823557242163,0.1237245531570109,0.06743027446345849,-0.0020891624949145424,-0.001203239003377492,-6.034202419934628e-7,-2.9174542498465745e-5,6.108093692493533e-5,-3.6186235879697944e-5,0.8006850694528599,0.8840234666499192,-6.25425697918158e-13,-2.9992090230731174e-12,9.683506979209098e-11,-7.003036736424701e-10,2.36567326600612e-9,-3.885171865213196e-9,2.499378565274243e-9
1.0,0.44116475943558564,1.1589446146498876,0.0980734519787058,0.44791370378435114,-10.951471701503847,95.34068478201048,-430.0099208696057,1053.3105577983063,-1336.3569374784233,689.7383003572176,0.23796315494733042,0.2329909594422913,2.5058064919205223,-45.835665484706055,390.5038249933884,-1723.8027282490748,4142.279891318938,-5166.530089427364,2625.4960031049386,0.6256204638825658,0.14762690525970598,1.8596770751747833,-32.98333943663429,281.1991427881292,-1241.033272699481,2982.285291603086,-3720.503843179898,1891.305558286567,1.2006850694528606,0.884023466649821,1.6308419981496552e-12,-2.7274907567369482e-11,2.3651110578438493e-10,-1.1484705521342414e-9,3.1428302830464624e-9,-4.516653125737389e-9,2.6461229127170128e-9
1.0,0.441164759435587,1.183142872365839,-0.009906806884747345,-0.14660091184940693,0.0012590576871436597,0.004398333852312117,0.021136491430662194,-0.04965307465930384,0.061960644593130144,-0.032257177097535596,0.3839048216873722,0.3313553985722246,-0.0010000944807604562,-0.06805530656800834,0.1682289779058217,-0.6681830402848292,1.5505838923593271,-1.9303278910092465,0.9988354055523023,0.7361632919159217,0.2923695927802656,-0.0038409139914596037,0.02825782778559317,-0.19120036273068397,0.7613622997505172,-1.76202057377663,2.193240435944235,-1.1347801216714373,1.6006850694528596,0.8840234666499237,-2.166223947595322e-12,3.324145573257796e-11,-2.656071843098591e-10,1.2079325874089704e-9,-3.1511874931335863e-9,4.384965824217027e-9,-2.518672618470291e-9
1.0,0.4411647594355852,1.1490976780291537,-0.13548252149166073,-0.30235462668296836,3.2071859627225834,-27.825504781098672,122.15325813154035,-274.0986884774635,306.0925436810099,-135.3888062228367,0.5292645012319753,0.30492369140826453,-0.1889957213434299,2.3825194839395185,-21.01641767700954,91.95876552235177,-206.22056758018758,230.553826862905,-102.0758822394506,0.8681123799751865,0.2909759825202217,-0.0013497257812004986,0.00010427033542338413,3.287444911612002e-5,-5.094732918541124e-5,-0.0004956220540365608,0.0015648758915490137,-0.0012696541562258181,1.9995323563200134,1.3180022337075499,-21.147591894747187,362.31614682972526,-2857.2816350874205,11987.486624885136,-28789.211273365552,37631.876915244495,-20730.822432346602
1.0,0.4411647594355852,1.0718724743729373,-0.15835137064644678,-0.014266114573677583,0.9127397267946155,-9.244619911897736,44.742634652142314,-116.41781659729698,154.70462762811292,-82.37809064592896,0.6585872315369076,0.2937485213150733,-0.004864815329467256,0.4560044430495132,-4.642841105997331,22.37996853554172,-57.80738243465342,76.06510855163124,-40.03805013413723,0.999505553068606,0.2898183066412832,-0.0012064961368895885,0.00011970982723189631,1.754483848043566e-5,-4.9709182706114386e-5,7.91763094654104e-5,-8.622324844976757e-5,4.2769981976527866e-5,2.0677820561908153,0.019314476265967495,-11.00099677516339,181.7203373344461,-1280.3374711871807,4632.99347038675,-8764.934905529784,7986.176315351693,-2589.303807232161
1.0,0.4411647594355861,0.9998654287645207,-0.16996428631808808,-0.22051889989634108,2.3475868659912815,-16.675935927541268,66.26365509010692,-150.3486692680469,181.9332785237719,-91.09486521564567,0.7915252932973073,0.2885169316623755,-0.14204852250672892,1.558134561595026,-11.148735976158866,44.11463286793366,-99.36424504445162,119.00593408152739,-58.83582330657959,1.1304058671393087,0.2888012545341294,-0.0010428024505014922,0.0001147054821709302,-1.2993475931068544e-6,-4.5463342981362395e-5,0.00013062113278027867,-0.00018588620927263483,0.00010519016881468811,2.101576244090047,1.8376210053404078,-28.505362488589917,213.55733175078174,-529.4356772588998,-1287.0029837964364,10098.240593819142,-20586.87996150321,14418.07593787803
1.0,0.4411647594355861,0.9092068756572864,-0.228007441496218,0.0028106000878838013,-0.4596444975376828,3.501550309147466,-14.99512991295273,37.25372567966402,-49.57621155022582,27.25565539877369,0.9127113294872667,0.24588733381829692,0.010092142766735372,-0.5391250622036843,4.162780476432859,-18.122810580458953,45.45410936508329,-60.75023118873049,33.434137824273726,1.2608784938732955,0.28792496684457947,-0.0008976554041094275,9.664078520710527e-5,-4.186188532568821e-6,-4.89157511948129e-6,4.838136911656486e-6,-1.3833021916355364e-7,-2.6347768596291843e-6,2.3235667388417016,-0.6533702101411288,25.41017557079718,-332.1701818165326,2317.372311655697,-9206.46376875482,20788.644452545836,-24765.725065581886,12045.070018063734
1.0,0.4411647594355861,0.8014869937140263,-0.24673322407993253,0.03456661354980836,-0.9138257002737311,8.805538235883562,-42.65127575775406,110.8011134332019,-148.03294540408186,80.07197648858399,1.0197824840852654,0.22811109146644407,0.03956530155560567,-1.0019222738936193,9.585221470423035,-46.25852509745279,119.91020137270625,-159.97419230211744,86.44518034107294,1.3909827650161806,0.2871698726858255,-0.0007737587136805534,8.521139177486293e-5,-5.8094958259547345e-6,-2.884536240235561e-6,5.5289846520812115e-6,-4.411189520868819e-6,1.108716335925473e-6,2.397314166952752,-0.6346684753775044,24.010193086326893,-339.1469574265362,2415.326765132588,-9597.890029284024,21673.988106906898,-26066.113584658455,12983.536787733963
1.0,0.441164759435587,0.689156686030485,-0.25054781834650375,-0.004507692630725448,0.00368530793763047,-0.002494536845364015,0.0014070881950744797,-0.0006742950591549188,0.0002562062956272716,-5.6445613297744166e-5,1.1224366237670804,0.22473687139538845,-0.004176428058169843,0.003901218343076739,-0.002554350465196856,0.0013029693389445293,-0.0005186829039960744,0.00014479596500043427,-1.91885656550079e-5,1.520769646803472,0.2865196359418528,-0.0006659087699075989,7.38010951908616e-5,-5.98967529144228e-6,3.417222768023052e-7,1.0385669257162334e-8,-1.4568713638791198e-8,3.900645062147953e-9,2.4104474848470328,0.03635990126503231,-0.047941727192649886,0.04258073254197326,-0.028516833354737214,0.014742214397275749,-0.004771035270302136,-0.0006360371652723235,0.0012668134398167075
1.0,0.4411647594355861,0.5751253919165233,-0.25305608285307557,-0.0016014590779692298,0.0011178872969628308,-0.0007176643367026808,0.0003883545085384061,-0.00018240923289467826,7.35760815508775e-5,-1.9238314245542915e-5,1.223544875721961,0.2226291864961973,-0.0010846288232909621,0.0011767197772101752,-0.0007882184140822078,0.0004164818415792296,-0.00018605111343176516,7.089051710793753e-5,-1.7933358436313266e-5,1.6502833566860644,0.2859602011649185,-0.0005727685006818902,6.366201687097494e-5,-5.220518637788045e-6,3.285060129285175e-7,-1.5106772599548814e-8,1.091865621153824e-9,-6.481796775431512e-10,2.4200718131326395,0.01110910518388251,-0.014468823028217804,0.012712676881584721,-0.008639088767544515,0.005387619373618408,-0.004044962880756989,0.003248377234622018,-0.001457920780572199
1.0,0.44116475943558786,0.4603750705325316,-0.2540201908354847,-0.0006958349754515614,0.00036370914504418254,-0.0002167383068909194,0.00011345316287955914,-5.166786875598958e-5,2.055027849326549e-5,-5.525432021173739e-6,1.3241398441325338,0.2221481368613481,-0.00016280287666947646,0.0003431332024371541,-0.00023976215821685983,0.00012700176293438866,-5.707259679771829e-5,2.232072669947858e-5,-5.958052937575407e-6,1.7795620970274986,0.28547910665065,-0.0004924696085991714,5.485889556061602e-5,-4.5222051246296665e-6,2.9033117201634154e-7,-1.682884440490592e-8,3.912153721824373e-9,-1.9090962564252516e-9,2.4230292244681015,0.00344117327624833,-0.004433455784445741,0.003846694734448423,-0.0025727777524512324,0.0015778939114872987,-0.001211378617613631,0.0010519438989146392,-0.0005156489290370132
1.0,0.4411647594355852,0.34532333812040544,-0.2554724290710949,0.044875154592547234,-0.5912114299868182,2.0256887783483073,-2.483397405399274,-3.5962014070989916,13.227591383706311,-10.360309352376524,1.4246448661070832,0.22300339847950293,-0.03941328670112157,0.5163250964620754,-1.769226849350259,2.171683800794462,3.1299689051148807,-11.534899357806907,9.03755203103135,1.9086428119053676,0.28353106744203166,0.06963837985061959,-0.9013963956336448,2.9066551056926784,-2.875653849625807,-7.900018103092059,23.46450994783954,-17.617072286174082,2.423949801847606,0.0010804214814159122,-0.0014412478039776528,0.0014284242596786746,0.006357269742841056,-0.05545348509580322,0.1735891228731617,-0.2554369334671895,0.14701748423870373
1.0,0.4411647594355852,0.22425957230077062,-0.28375907370766645,-0.03353071110632786,0.006972659868612865,0.0008055717508112895,-0.0022040768931369035,0.006275163905093263,-0.00948975864849613,0.005794846963597562,1.5302842850091998,0.24754651899797006,0.029165988236897512,-0.006104057838600613,8.997486203886568e-5,-0.002400207958827843,0.007151286737613043,-0.010808266737408603,0.0065984989102404815,2.0273569252419463,0.23146464453191393,-0.07229868319721834,-0.005666732024619448,0.0008994359243319404,5.514808459705378e-5,-4.6919043183073825e-5,6.273158277139068e-5,-3.818554569630348e-5,2.4242467791882807,0.0003509177973058052,-5.002428103989932e-6,-0.008706030345962413,0.08801143023553348,-0.4657892300751444,1.3590271043758282,-2.0547863534127915,1.25465997686591
1.0,0.4411647594355852,0.0896618041625615,-0.3078710357417337,-0.1200178855952697,1.6516526030057468,-12.145434966492335,52.319853333216344,-127.09940506121175,163.29502271087276,-86.49287197841728,1.6476853659585788,0.27153861402341944,-0.05151836880413176,1.0102653936717367,-5.08471220415765,14.726538088835282,-22.494927279144164,15.215828175190387,-2.148545729037255,2.116800764055706,0.16289925765342406,-0.07884836094947491,-0.003963018781976018,0.0009955542456865144,-2.7179756936120007e-5,8.444933029485745e-5,-7.351570101821773e-5,2.1443312179825703e-5,2.4231371959137378,0.21515629598690028,-3.458753149532351,-7.343678283924804,192.4167570407918,-865.4136775874911,1372.6489131018766,-84.74099305387134,-1132.356047014005
1.0,0.44116475943558875,-0.04656339857736073,-0.27513770013396344,0.07518715464853118,0.3757224957115226,-2.7962084287189963,13.201331599153756,-34.78108870795527,48.14772284261135,-27.314625247184363,1.782038081670257,0.333943742622679,0.11399819739891041,-0.20765714095242202,1.3479721909288052,-5.225559737663137,11.361798331364689,-13.089213198052105,6.164243597462328,2.1740404142438763,0.08948012422377473,-0.08300100048723663,-0.00214690343173502,0.0010357392711012113,-4.630507015772631e-5,0.0001372780477609209,-0.00018228288132212463,9.584416720857045e-5,2.2569337081604934,-0.17375831905725886,-15.347571971504689,214.49001356439373,-1565.4397933901726,6374.7856221567035,-14598.26180319387,17528.294054170965,-8556.67021048596
1.0,0.4411647594355852,-0.14720618521544787,-0.1613092938450794,0.1350686242854493,0.8715455929730411,-8.06226726103003,38.554411074400946,-101.01038709525196,137.72607754095267,-76.41318433975135,1.9521418093149845,0.4123827787574028,0.07178853746399907,-0.2400643582591378,1.7837542010187684,-8.550369249055757,22.118527088718754,-29.581606962976135,16.06054451079488,2.197379152195196,0.013431190217131303,-0.08464887944145248,-0.0002816547518130314,0.0010519350038610772,-6.34529073078873e-5,0.00013376305840220843,-0.00016635470509178608,8.350689468498481e-5,1.942923620665488,-0.5639320104316597,-9.897651327447658,144.3704627932015,-1061.21679397619,4364.091947416208,-10160.650306561145,12501.182410971891,-6311.125024817666
1.0,0.4411647594355834,-0.1848141136529356,-0.003868527571513812,0.133725238894734,0.8731572604943294,-8.11734380390704,36.80017440548135,-90.5049292093966,115.47874105921372,-60.03745355702752,2.1469639381478505,0.4358077556842439,0.07640693826376305,-1.6223456152656655,12.594516220175324,-50.089565479737026,108.91572188101668,-124.0829550075108,58.06039288592006,2.1861649134942294,-0.07110655102085803,0.32449478767735074,-7.1973641421756165,56.33769462102779,-216.0377463210305,451.7193776967867,-493.29377754051416,220.27690176757093,1.5819965857867546,-0.8714793386856846,1.9694286879037997,-34.74180367318133,356.3925998929985,-1844.502434283238,5014.889890082278,-6862.653389897375,3727.175480229522
1.0,0.441164759435587,-0.15435178560977733,0.1316453301448016,0.11926491249539228,0.15840828669965618,-2.1636170290199868,12.27506627137059,-37.182161582523875,56.39014298652041,-33.646243844311506,2.342300192892477,0.4215943181425631,-0.03948169600727254,-0.18825121144113302,1.3919876233676722,-7.553069703835046,22.266075405038315,-33.1222882308897,19.48917355322473,2.1658508718605987,0.016303160730143,0.15358461217830907,-0.0012776297163905228,-0.006184880840921967,2.330559537236618e-5,0.00010001831675413977,-3.7215086645738913e-7,-7.121065950198227e-7,1.2709274924909788,-0.8872544980431902,8.862705183129336,-126.64436383413187,987.4624949427343,-4435.914426410844,11473.79816765028,-15826.683435783505,8991.117199450859
1.0,0.4411647594355852,-0.07281027450347072,0.2192096442393683,0.06617753725823639,-0.054698227620716404,-0.012952054673885794,0.031246925244410216,-0.060616086049190186,0.07431167688667417,-0.03803655941040461,2.51934155823308,0.3523458283578033,-0.10353100088824889,-0.028693913670519617,0.021251313822676504,-0.015130447370050506,0.03378869391369161,-0.042321916126487696,0.021307801233886182,2.204295531652161,0.15222974836148204,0.14433690610047464,-0.012239908400916353,-0.005827995603248876,0.00029000712581889247,9.522035913224181e-5,-3.366704693686373e-6,-7.648756791340105e-7,1.0142570893882106,-0.5343593854347157,0.08494358944590727,0.16718177515246624,-1.022469420452278,3.9096497935804257,-8.594283176329341,10.271146115173963,-5.185823015990091
1.0,0.441164759435587,0.03460858191916513,0.24477757003380182,-0.09267151284519726,1.8701611635812505,-21.03892136450692,115.0332179706674,-323.15273801907244,455.22727188564124,-255.74952240634804,2.6556812468324402,0.24856853407942534,-0.1848231019775103,1.584303539814049,-17.61146673665136,97.91032319645807,-278.849296712918,396.77244091116006,-224.57741182670426,2.3013561980174413,0.27193542661335407,0.21701130189875997,-2.404387728226691,26.542100293224298,-147.53394948443642,420.2970302461032,-598.2128361504348,338.67854713138297,0.7936679984625887,-0.4381732857007199,0.2614848182354018,-3.198834817102675,34.793344703719754,-188.86042956193774,528.613421840854,-742.6359537054487,416.2720897105017
1.0,0.4411647594355834,0.14464860079278583,0.2556234175957673,0.03494978766834735,-0.005178297951159141,-0.012045728615691977,0.05532918589351453,-0.14616449192330414,0.2021453792997568,-0.11402652067893418,2.748983523623698,0.17984330911109203,-0.04964333977437316,-0.006965825032731193,0.02253238841231472,-0.105000718673924,0.2800625522660455,-0.390400478043038,0.22182165710289017,2.4394802763044665,0.31254949399830306,-6.463817872074497e-12,8.85353341778964e-11,-6.622254070230498e-10,2.8392796154580577e-9,-6.949186724188885e-9,9.021348682223753e-9,-4.817909066492336e-9,0.61311260731721,-0.38891796999314787,-0.02531429194276956,0.45968954581686694,-4.0207083430319575,19.210367790297195,-51.107141410684456,71.10148868490617,-40.327782541952224
1.0,0.4411647594355834,0.2668627544891058,0.2831749842626801,0.025740604271326326,-0.007343073258920356,0.0010614982547785877,-0.006035618034541056,0.01576633931093001,-0.021742689002245994,0.012288175053162764,2.819779503406728,0.1322843775384808,-0.05510834880560432,-0.0027940685613989124,-0.0032345120304763685,0.018098292898187356,-0.04788605716922927,0.06694164335407976,-0.03813966295441448,2.5809016325417766,0.31254949399826976,-5.2380518056561416e-12,6.410285900911467e-11,-4.1550310069661746e-10,1.5332344234171407e-9,-3.234722309763594e-9,3.627141271136996e-9,-1.6720803245196657e-9,0.4370200145783507,-0.3892362442639685,0.0071103744463815195,-0.08640176803334695,0.6646485703780861,-3.0503084969952043,8.058745638493487,-11.246289515601305,6.400458908790644
1.0,0.4411647594355852,0.39958447825885035,0.30216042013322686,0.0055304255658191175,0.1837539673136242,-1.7528995262428324,8.571144165854694,-22.71730935037543,30.59205533448108,-16.390108247872156,2.8680870682541917,0.07940142826874005,0.004842886993577352,-1.1950807379411035,10.872387223468461,-52.79936914889654,138.639332946731,-184.41924795348766,97.43128906994595,2.722322988779085,0.3125494939983581,-8.977281434961026e-12,1.2908287113274524e-10,-9.863034904293694e-10,4.282935694979679e-9,-1.0600601642747581e-8,1.3922932110971508e-8,-7.527529090157563e-9,0.2612958385636782,-0.48004384221472146,5.284723461227296,-113.70959815707063,1180.9924805090432,-6534.725350646029,19608.670938578467,-29960.60695142414,18233.522459132295
1.0,0.441164759435587,0.538583079639382,0.31010443906592017,0.0030086802434832593,-0.003980891181751953,0.004197392181227033,-0.00320951402179939,0.0010304764898474996,0.0008577994195062762,-0.0008149118751748548,2.893487534149237,0.0390182368262423,-0.023911536039847567,0.021699952737307474,-0.01273790872327991,-0.00040478943381611667,0.014778370860453673,-0.020410244557949073,0.010513716365940945,2.8637443450163915,0.3125494939984007,-8.641827578885472e-12,1.0978491481676027e-10,-7.657334051643508e-10,3.1054926248817064e-9,-7.299693225335428e-9,9.219512196011938e-9,-4.838615769860181e-9,0.1251643071889346,-0.1541448707478753,0.2093575390167029,-0.14047625581990691,-0.21241213007526466,1.202925515573648,-2.755689091919724,3.317199786143468,-1.666736784126071
1.0,0.44116475943558875,0.6792711168999848,0.31140826069408895,0.0005822012152432854,-0.0006417870695849483,0.0005857401758703444,-0.00047451977520967696,0.00033661772172950124,-0.00018338184897020212,5.4322440630492786e-5,2.9077815183234463,0.026684853588195872,-0.006794246405547315,0.006328869965794019,-0.004409595108992607,0.0024382440897698253,-0.0010921586885080728,0.0003769281706432305,-7.690748945393332e-5,3.005165701253702,0.3125494939983099,-6.489453898987527e-12,9.178181776515666e-11,-7.165861583708676e-10,3.2185369217762313e-9,-8.271453194522285e-9,1.1286896742466247e-8,-6.333971833086385e-9,0.08548207695031024,-0.04363564078645215,0.06105238504964888,-0.05689227237147965,0.03965168926897653,-0.02193685143478936,0.00987684795569479,-0.003495387995859712,0.000760997150386546
1.0,0.4411647594355852,0.820253659396284,0.31168750980514476,0.00014261916436660843,-0.00014093628060578297,0.00010952995014039498,-7.298912383511676e-5,4.303899006518119e-5,-2.0525861758721597e-5,5.6327345576709595e-6,2.9189044296956808,0.023196603913445055,-0.0019163454871707409,0.001787695561731455,-0.0012500189763282976,0.0006972500883861172,-0.0003185543548682552,0.00011405618285664646,-2.4496915661492346e-5,3.1465870574910104,0.3125494939983884,-8.090377150376294e-12,1.0519158247499718e-10,-7.59845994642826e-10,3.1996054665801485e-9,-7.807800575051206e-9,1.022289650790753e-8,-5.549903524225352e-9,0.07428568167194027,-0.012296587631166337,0.017212432777356804,-0.01606090776399352,0.011235308002869041,-0.006271536432652856,0.002868378008535035,-0.0010283857545802884,0.0002211846698139036
1.0,0.4411647594355852,0.9613046373339389,0.311759138568853,3.8478437033273076e-5,-3.6531351833596924e-5,2.643029454649445e-5,-1.5703561946585214e-5,7.957746638714095e-6,-3.2619493900736816e-6,7.989288632225634e-7,2.929132110886257,0.022213187920194048,-0.0005400401220102976,0.0005039236641986163,-0.0003525697831036435,0.00019690853264855802,-9.018219678837285e-5,3.241342090023634e-5,-6.993156554876007e-6,3.2880084137283254,0.3125494939981355,-1.5442165018711173e-12,2.1795428621736403e-11,-1.8232379343410698e-10,8.960678924026151e-10,-2.5002487565540063e-9,3.648157431779838e-9,-2.1577022667885028e-9,0.07113091232357677,-0.0034644720110408923,0.004849649465212354,-0.004525689519543896,0.0031669056997113447,-0.001769262984109188,0.0008108012788097785,-0.0002917269693581185,6.303120707486267e-5
1.0,0.44116475943558875,1.1023737369314195,0.3117787590344023,1.0705598114726134e-5,-1.0039987581259602e-5,7.094454468368669e-6,-4.037679661367546e-6,1.910015748766634e-6,-7.178550614702527e-7,1.6206848064604348e-7,2.9391074733356835,0.021936080176224802,-0.00015215933364604142,0.00014199274774521944,-9.935846137473699e-5,5.550521062152001e-5,-2.5429872121651995e-5,9.141361446494159e-6,-1.9708414400696534e-6,3.4294297699656333,0.3125494939982285,-4.438343835575971e-12,5.854372153836537e-11,-4.0293073716753926e-10,1.568619990706978e-9,-3.499900069606234e-9,4.1892467288589464e-9,-2.0915110195000933e-9,0.07024208830552682,-0.0009760729854687287,0.0013663337910996241,-0.001275071559891174,0.0008922593350086139,-0.0004984691939451736,0.0002283540499143898,-8.203832571685207e-5,1.7661503949105983e-5
1.0,0.44116475943558875,1.2434478499866464,0.3117842423865195,3.0054335770774673e-6,-2.8086133072725576e-6,1.9708312578545703e-6,-1.1068616371299444e-6,5.11678674089714e-7,-1.8604925031903505e-7,4.0465345809930124e-8,2.9490117412975545,0.02185800535130689,-4.2869740731813864e-5,4.000604317210994e-5,-2.7994591487626798e-5,1.563844841112787e-5,-7.16257926228863e-6,2.571777266958841e-6,-5.531106749897966e-7,3.570851126202945,0.31254949399795573,3.7287933644947515e-12,-5.1773084443377264e-11,3.8204076711555945e-10,-1.583440267133919e-9,3.698081707334292e-9,-4.5440108225905575e-9,2.284262548016896e-9,0.06999167311017848,-0.0002749963680504603,0.0003849475616828832,-0.00035923579429662696,0.00025138369069201084,-0.00014043983198095853,6.434278424659899e-5,-2.3124519124804786e-5,4.9831066890359775e-6
1.0,0.441164759435587,1.3845238461673304,0.311843454284984,-0.010854600365365065,0.36815927753944505,-5.096675832860442,34.91355991719563,-124.45218593802849,219.45036924254202,-149.61991640106808,2.9588960122341073,0.02184004258133464,-0.0007719548333648744,0.025785204138399336,-0.35682978951252303,2.4443913284453247,-8.713361298210293,15.364715061212815,-10.475659283785873,3.7122721918443777,0.31242197236704466,0.014560967581129075,-0.4428035653100962,5.832138662339732,-38.81328237756085,135.74294781418314,-236.11813697619152,159.31589013870231,0.06992112186445845,-7.752624052175388e-5,0.00011145209411620905,-0.00016882246976157743,0.0008090029269709429,-0.004350132344839872,0.013721797852171477,-0.022230073815463484,0.014279086755367047
1.0,0.4411647594355834,1.5273642707590602,0.3386054603055216,0.09842617688451046,-0.027409689921710906,-0.00399406980834676,0.0006694359780817928,6.582141009900923e-5,-8.650134573774181e-6,-2.680154707337282e-7,2.9688981495565083,0.023707535699128562,0.006887377975717769,-0.0019174826780980281,-0.00027876213759558016,4.547190473918331e-5,5.136013256468372e-6,-4.3882012272421336e-7,-1.7464347995943089e-7,3.851814847896995,0.2831230605137266,-0.11829104824549352,-0.022930259565885878,0.004792689775170211,0.0005604509151519936,-7.903821828222374e-5,-6.803778858534839e-6,9.521568289242027e-7,0.06990114712028948,-2.3231660018016818e-5,2.773226082998079e-5,-1.1472924335319834e-5,-7.552961921834486e-6,9.63674211383487e-6,1.333073322933453e-6,-8.128301479961354e-6,4.504213375415197e-6
1.0,0.4411647594355834,1.6980333501191371,0.40948217362395484,0.05834589570551259,-0.06049119486817516,0.2657198973223797,-1.428875486863153,4.224431965104577,-6.492648106450732,4.047408979316749,2.9808457928305816,0.029076183883098666,-0.017133020375769133,0.41725557766143945,-4.1115973225746,21.91495627135071,-64.70654924049401,99.37811255678163,-61.906096103416246,3.9537897034013927,0.16387531550303408,-0.1430628653861722,-0.013263907951280714,0.005798643196240681,0.0003215318140591734,-9.5203783166319e-5,-3.462930047884069e-6,8.854373799019551e-7,0.06988544821958793,0.006595622399372384,-0.4459738715200059,10.80423962958539,-124.74044485057962,765.6488642758853,-2559.9176653858094,4394.708370444138,-3028.5690279000864
1.0,0.4411647594355834,1.8918465614055442,0.4402979290383906,0.017633077542906113,-0.09355718201790458,0.1477304848030342,0.735254175271971,-3.914751067779866,6.9401508499830395,-4.417050274345017,2.994277507124059,0.025494612182171285,-0.07338310321983339,-0.3380172056826604,7.202996855649515,-43.5092684601699,127.38494097004772,-184.6477089953824,106.26473719573013,3.9976668944305884,0.02771409056841834,-0.05470094332391939,-2.979147784918403,33.69320546823432,-165.57932279213708,428.6062678507747,-570.608181391131,308.3522650265988,0.05538185544181676,-0.03792297220397491,-12.535306982852175,223.1221193270503,-1777.2946413867207,7641.278254676266,-18368.755357695776,23270.977413749482,-12116.360149962964
1.0,0.441164759435587,2.091745720901315,0.44199534954287684,6.585942144726934e-5,-0.00017753515143291765,0.0003553217196245322,-0.0005461465751357293,0.0006234969774170925,-0.00046799767008775915,0.00016945862277522523,2.9990667524270633,0.0037865745619724733,-0.0076814194043803045,0.01038591771935851,-0.010518639622381015,0.008459251159687344,-0.005464177415183833,0.002626414739328179,-0.0006975376741817593,3.999134952449014,0.0003814793416875208,-8.411420604419873e-5,1.2363350282271747e-5,-1.3615563386376214e-6,1.2129841250374885e-7,-1.7128630398906913e-8,1.3831393404441377e-8,-7.635366735626462e-9,0.008566792746533299,-0.03475808437657114,0.07050402207083861,-0.09530257381983852,0.09644603390376794,-0.07740171875590642,0.04976462976392278,-0.02373144630596755,0.006239574233685863
1.0,0.441164759435587,2.2917437115574204,0.44201121041696856,1.7217811116082393e-6,-4.52922698652404e-6,9.04141126353281e-6,-1.3893970787156225e-5,1.5859832904062975e-5,-1.1900548960161707e-5,4.3068351874693145e-6,2.9998511783375696,0.0006038467115857087,-0.0012250524446139387,0.0016567466293656895,-0.001678990973066252,0.0013524582919253044,-0.0008765427463629195,0.00042354142686216697,-0.00011318272790394362,3.999291432256412,0.0003124730856461493,-6.889909256895315e-5,1.0127909627868635e-5,-1.1162903553787843e-6,9.741785941076566e-8,-4.757541719035148e-9,-2.7709671525090372e-9,1.740601568441839e-9,0.0013661337722965406,-0.005543111083950638,0.011245551707415258,-0.015208263143566941,0.015412191668521555,-0.012414257992221584,0.0080450762186656,-0.0038867834885599312,0.0010384866024796744
1.0,0.441164759435587,2.491743620814764,0.44201164873198806,7.522813518308258e-8,-1.2448100411072764e-7,2.324288118041049e-7,-3.556014622821858e-7,4.077474918925013e-7,-3.079263759764919e-7,1.1216954102855821e-7,2.9999762682198243,9.629218165527397e-5,-0.00019535283922631982,0.0002641945205528709,-0.00026774744649729593,0.00021569013436412694,-0.00013981564291016787,6.758118415331594e-5,-1.8068380481093958e-5,3.99941960621031,0.0002559493581055106,-5.643586054154159e-5,8.295921021675485e-6,-9.146051365120901e-7,8.060330124215423e-8,-5.7178894824319864e-9,1.2453255080706342e-10,6.036716638233975e-11,0.00021784990662321614,-0.0008839305624483801,0.0017932749310583854,-0.002425217094155618,0.00245781700516636,-0.0019798937533761878,0.0012832929779291896,-0.0006201592508504926,0.00016574964052824647
1.0,0.441164759435587,2.6917435919073713,0.4420116833387544,2.3005779522325782e-8,-9.331767690456825e-9,6.955467772819138e-9,-7.583822071538679e-9,5.333145102369298e-9,2.52936701904779e-11,-2.0452358859694905e-9,2.999996215621724,1.535518925454467e-5,-3.115184919197464e-5,4.2129687631615184e-5,-4.269650982772732e-5,3.439610867768323e-5,-2.2298298246973592e-5,1.0779969474066795e-5,-2.882819907314086e-6,3.999524594580961,0.00020965028031959832,-4.6227105970790096e-5,6.795347353040161e-6,-7.497636413956184e-7,6.851887611609777e-8,-1.0589439477917222e-8,7.505337899576398e-9,-3.76159168059048e-9,3.473933452562123e-5,-0.00014095554645294546,0.0002859636219607924,-0.0003867357618586131,0.0003919334145022029,-0.0003157184162101191,0.00020462941889116926,-9.888045198433386e-5,2.6424411679105498e-5
1.0,0.09049533526883735,2.8917435733253973,0.44201169996150247,1.4315597290350466e-8,2.7809787771823016e-8,-1.2574476869090339e-6,2.7745961309198117e-5,-0.00034824182665162004,0.0023173665551764634,-0.006337457990788481,2.999999396525542,2.4486087720411694e-6,-4.967484458745667e-6,6.70690143333486e-6,-6.361289193014759e-6,-4.1292078639995815e-6,0.00011201349552618081,-0.0007286818623093412,0.0018897911674889871,3.999610591440164,0.00017172630881942178,-3.7865121293748636e-5,5.575058359956348e-6,-9.815233297796789e-7,8.343166127586447e-6,-0.00010474233894821853,0.000695733865734093,-0.00189100268789185,5.539693968244567e-6,-2.2477420835170448e-5,4.5601474585914424e-5,-6.16832258815407e-5,6.2545355749741e-5,-4.3800040227292174e-5,-0.00012842126146450953,0.0014941612083498356,-0.0051124223885982015
2.0,0.44116475943558614,-0.4999999999999994,0.35360938665990743,1.0806408405918337e-12,-1.465501129945539e-11,1.067530528185298e-10,-4.41401572850741e-10,1.0365187685311997e-9,-1.2871636925393136e-9,6.562074991245907e-10,-0.9999999999999974,-1.8887154565438554e-13,5.296170699574622e-12,-7.020061035215749e-11,5.06841225565328e-10,-2.1085054384724883e-9,5.0447425059183545e-9,-6.4457506921774326e-9,3.4060939811888464e-9,0.4999999999999987,9.443577282719277e-14,-2.648085349787311e-12,3.5100305176078746e-11,-2.53420612782664e-10,1.0542527192362442e-9,-2.5223712529591773e-9,3.2228753460887163e-9,-1.7030469905944232e-9,0.0,0.0,0.0,0.0,0.0,0.0,0.0,0.0,0.0
2.0,0.44116475943558625,-0.33999999999999986,0.35360938665991487,1.0497867299820848e-12,-1.5311379985171633e-11,1.1546652389161518e-10,-4.871310032179619e-10,1.1601749017196841e-9,-1.4571465470105186e-9,7.501106577188968e-10,-0.9999999999999974,-1.8887154565375157e-13,5.296170699558565e-12,-7.020061035192781e-11,5.068412255635044e-10,-2.108505438464243e-9,5.044742505897233e-9,-6.445750692148937e-9,3.406093981173135e-9,0.4999999999999987,9.443577282687579e-14,-2.6480853497792825e-12,3.5100305175963904e-11,-2.534206127817522e-10,1.0542527192321215e-9,-2.5223712529486166e-9,3.2228753460744685e-9,-1.7030469905865675e-9,0.0,0.0,0.0,0.0,0.0,0.0,0.0,0.0,0.0
2.0,0.4411647594355862,-0.18000000000000013,0.3536093866599555,-4.623484973603663e-13,7.922311772450272e-12,-6.817788512329727e-11,3.243752669642499e-10,-8.662491482135433e-10,1.2156032341095941e-9,-6.97195043401746e-10,-0.9999999999999974,-1.8887154565391003e-13,5.2961706995633085e-12,-7.020061035202459e-11,5.068412255644883e-10,-2.1085054384694807e-9,5.044742505912268e-9,-6.445750692171008e-9,3.4060939811861345e-9,0.4999999999999987,9.443577282695501e-14,-2.6480853497816542e-12,3.5100305176012294e-11,-2.5342061278224414e-10,1.0542527192347403e-9,-2.522371252956134e-9,3.222875346085504e-9,-1.7030469905930673e-9,0.0,0.0,0.0,0.0,0.0,0.0,0.0,0.0,0.0
2.0,0.4411647594355861,-0.02000000000000039,0.3536093866599461,4.32191277465774e-14,-9.067527627297127e-13,6.27038653397267e-12,-1.7712462151551094e-11,1.0909649464918062e-11,3.5770939786460355e-11,-4.8223296890996445e-11,-0.9999999999999974,-1.8887154565439276e-13,5.296170699568474e-12,-7.020061035200966e-11,5.068412255638868e-10,-2.108505438465237e-9,5.044742505898515e-9,-6.4457506921493994e-9,3.406093981172821e-9,0.4999999999999987,9.443577282719638e-14,-2.648085349784237e-12,3.510030517600483e-11,-2.534206127819434e-10,1.0542527192326184e-9,-2.5223712529492577e-9,3.2228753460746997e-9,-1.7030469905864105e-9,0.0,0.0,0.0,0.0,0.0,0.0,0.0,0.0,0.0
2.0,0.4411647594355863,0.1399999999999993,0.3536093866599544,-9.976671565392136e-14,-2.6970385193199836e-13,1.1062289782346958e-11,-7.693305746144772e-11,2.449088426201742e-10,-3.77002156391476e-10,2.2710939388625623e-10,-0.9999999999999974,-1.8887154565377508e-13,5.296170699548187e-12,-7.020061035169188e-11,5.068412255612264e-10,-2.108505438452723e-9,5.0447425058654265e-9,-6.445750692103532e-9,3.406093981146901e-9,0.4999999999999987,9.443577282688754e-14,-2.6480853497740937e-12,3.510030517584594e-11,-2.534206127806132e-10,1.0542527192263614e-9,-2.5223712529327133e-9,3.222875346051766e-9,-1.7030469905734505e-9,0.0,0.0,0.0,0.0,0.0,0.0,0.0,0.0,0.0
2.0,0.44116475943558653,0.3000687251574473,0.32538665080700413,1.569837597609212,-32.74727497159197,330.43790518461253,-1783.2012468490248,5225.321800261991,-7805.136176592621,4649.830639997948,-1.0000182517658835,0.009790416441074883,-0.43992284827168393,6.2867870785643705,-64.86805046179556,350.7275548050886,-1016.1635816614142,1484.250213143826,-856.5201985546929,0.5000088378686803,-0.003582472392412622,0.2647862472221077,-4.07880252351877,40.90963751805063,-218.97830290066415,636.3094207384513,-942.2352315605094,556.482937818425,0.0018073232026133903,0.4415965784957471,-40.618940869070194,580.1440719352272,-4440.151777372958,19243.70671469988,-47084.25147566778,60269.693350685695,-31152.046392730153
2.0,0.4411647594355861,0.4687130175378528,0.41666950972246236,0.04179131908875613,-0.0667986938607613,-0.0029672336837720577,0.005592702073286721,-0.0017290706475928362,0.0021142789803986367,-0.001202924942367727,-1.0321673809043594,-0.1261144564356144,0.18839565107818523,0.011244818535759748,-0.019481802201373,-0.0009088081884424069,0.0017284189010635944,-0.0009415153293865783,0.00047709140853775676,0.5158821647528188,0.07652518585935124,0.08291599678013278,-0.0018868906364170963,-0.0009554521059090736,1.3503394007537377e-5,-3.967042801033776e-6,-1.5969606623704525e-5,1.633148349544593e-5,-0.2939069662868291,0.8840234666498663,2.215976409457808e-13,-6.815481443711668e-12,7.077523892895483e-11,-3.592554062292448e-10,9.657867615361024e-10,-1.3209212141533192e-9,7.243005849352841e-10
2.0,0.44116475943558564,0.6595741568752224,0.41840749457863996,-0.3155889180812238,5.409501961369476,-54.868517018216934,297.7132330054783,-888.8799572690053,1369.8494534945964,-848.2967220979411,-1.0504503944415373,0.04747357520314183,0.008984068524254506,3.188920315330385,-29.532846221093813,145.79573276721345,-393.98888666186923,547.2988238147743,-305.86468659830393,0.5672691868364438,0.1500492770572208,0.07918656346711997,-0.003563945529595332,-0.0013083505456597578,0.001876787065495864,-0.005252682285655905,0.007628413672579774,-0.004435568071797147,0.10477631128293394,1.330409210172155,-22.239287435425258,421.1811733430799,-3898.4274780324413,19416.373847092636,-52926.2540335585,74106.47672380651,-41611.99753070233
2.0,0.44116475943558564,0.8330329045036708,0.300308261449447,1.2300124459035886,-9.386806700902827,6.624558443899383,205.8932002945568,-997.9757217702199,1867.240206408669,-1277.9507837295773,-0.9977267095647461,0.16191725390377823,0.15709154527346503,-0.6108240686555848,6.220785807483426,-54.826604093960874,220.16494175839415,-394.1622751720993,260.2241814569692,0.6510027860733966,0.21909162728275683,0.07613604496571716,-0.06202877118865496,0.5310536556476276,-2.7063883294796227,7.607971385108236,-11.091815666822331,6.537372895620547,0.4499779198141943,3.740906042951744,-160.4373451123463,2704.789729259567,-22170.801106178904,98900.28144626885,-245450.24249424486,318526.196971072,-168529.40319102845
2.0,0.441164759435587,0.9760684644021734,0.289325609869745,-0.6880853279303496,11.927722628883549,-100.78368075141746,457.0762371219394,-1148.992730716225,1507.1660275024885,-804.5199914180284,-0.9116617006957866,0.19552196237848882,0.17663247152188255,1.0946152038064292,-25.320458445119712,170.10103234179036,-549.1475038418317,869.0048704747567,-540.4712959452096,0.7646208870916548,0.2828385957736667,-0.002403782459630627,0.028655802020663472,-0.1948069341007765,0.7756776128274363,-1.794887955510505,2.233850031782853,-1.1556444256780034,0.6320410288978614,-1.3513632758258753,90.8927768625387,-1642.0406248323209,14378.47102583364,-68363.81746795528,180336.6049341068,-247959.10118014953,138545.7571234621
2.0,0.4411647594355852,1.0941329002831883,0.2017703324018511,1.4705921852046875,-26.78233309654018,237.4024895775393,-1124.3558985695402,2909.06153045723,-3889.4682662949085,2105.891126802304,-0.8084050018635526,0.20386579170171215,2.070420935003935,-33.99687940418574,277.01055289412494,-1229.1817070691025,3038.232660308234,-3934.8038887384564,2083.106150612919,0.8925478258461951,0.2827052061165355,-3.392262423334461e-5,6.372090882866824e-6,-7.22393774517839e-5,0.0007136803279612655,-0.0027049584814662336,0.00462499053266684,-0.0029891191620020547,0.7920152944268578,2.6874113131851063,-63.01441776573555,716.8906967613888,-4658.157435512683,18360.654243391986,-42604.17922685472,52830.183334113935,-26756.243063582744
2.0,0.4411647594355852,1.1934274416092792,0.18809928533568143,-0.0682525352741365,3.426599281113323,-51.29027407895776,320.26145822030963,-992.9319792159065,1510.545962730039,-899.6532528545652,-0.6890443830662774,0.27784605313907795,0.005879492350192925,4.564265471565007,-76.66638357393599,544.6979757454219,-1908.2230383331967,3259.5520222604105,-2172.9189677152176,1.0204346742319403,0.29138466147869807,-0.45295996453610726,9.014984972754332,-88.4907565123192,472.42941750964565,-1396.9623466362843,2148.3899836521946,-1339.9503874736197,0.9819579680243675,-0.6042156208728419,29.820857869629695,-456.747632230762,3917.4452108221735,-19215.156742128693,53376.388706983504,-78088.50119535916,46733.501658223606
2.0,0.4411647594355861,1.2700474302278308,0.004244108212032252,-0.4719259158268547,32.948146852411384,-350.11727771341805,1752.7311411616097,-4685.657401260697,6455.194399381483,-3605.256831346006,-0.5572321554015627,0.5627892023830534,2.2188480859555013,-87.74341456527706,870.4379704202771,-4229.080545358148,11072.505523804151,-14980.147386765062,8224.990351967894,1.1460446731857727,0.4004481920721907,2.0331605386175946,-61.59419469835261,585.5704259557415,-2800.1951802903504,7281.183278643335,-9826.68166596329,5395.845868824479,1.1865344805827616,-1.4692213325133912,15.123703551450586,186.4269330337535,-3548.134975611467,21907.646157701645,-65679.54483492635,97033.14603504995,-56632.56946041002
2.0,0.4411647594355861,1.3156526503184927,0.09987292126134048,-0.5974116044184679,10.906061841528704,-99.33918402878628,479.3355564147346,-1261.7152096391528,1713.6458659048553,-940.7874392290241,-0.39806143017331347,0.33307105252307745,-0.22614002092055668,4.638681930093923,-44.777504117853226,230.10901391713818,-639.9832277778864,909.3426521608467,-517.7816229056674,1.2807712645497489,0.28192741355177914,2.409995163645257e-5,-1.0972892131109747e-5,7.302714478685609e-5,-0.00010003045881033287,-0.00044282711004832925,0.0015586249262501898,-0.0013608323617230627,1.2987770138641814,1.201672934528902,-29.14295249645135,284.5714148860129,-888.5961103265029,-1822.120468972081,17595.060383819462,-38413.73688249045,27970.139118076826
2.0,0.4411647594355861,1.3496996354146114,0.06529820680454246,-0.0576249338227587,0.5082163368552809,-4.107694212181294,18.652365081043175,-48.02952015228497,65.44703344385327,-36.64547434271007,-0.24738632150883805,0.3341257485361457,0.010370273085948779,-0.08849341847790157,0.7025874140550034,-3.1727545992029924,8.117899417743384,-10.98931911262717,6.1133376247982145,1.4083417873215238,0.28194968298364204,2.6216595727511796e-5,2.065847079501707e-6,2.966461555071212e-7,-1.9516763643581913e-6,4.661360636728761e-6,-6.017084362576399e-6,3.2154645051899754e-6,1.3741143496110024,0.8846631930701807,-23.987385407426945,351.48471031343104,-2744.131517033262,12198.848414648754,-30952.714933594747,41713.78081884995,-23150.709892897336
2.0,0.441164759435587,1.3737067620196541,0.041021976789077895,-0.008984668060860299,-0.23380680372477256,1.7609343226375314,-7.594205780993894,18.76240002842127,-24.70214272522031,13.434652518455145,-0.09527060626537491,0.3379230060739387,0.0009241699570360356,0.029797791947257908,-0.23550035465375363,1.0198200710508085,-2.5280781134151487,3.3367898584185696,-1.8178017321410809,1.5359229993135821,0.2819746463202552,2.888115369164652e-5,1.7955933363694254e-6,-2.60489964107824e-7,2.412636360466675e-7,-7.383397264701443e-7,1.1037872341684405e-6,-6.672782249815503e-7,1.4502540341017371,-0.06981116704766893,7.899552965092152,-127.19893047152958,1083.2940563228865,-5203.986612824457,14144.069457180072,-20262.79228290728,11877.30446307571
2.0,0.4411647594355861,1.3872379031153814,0.018617414985402116,-0.03720138433488096,0.1480106891833488,-1.0244347127593127,3.983989795192495,-8.72352936992265,9.982650192031253,-4.608098468086944,0.05812079335666033,0.3398532421160128,0.0023955177181423245,-0.0156122758533749,0.10540312643715695,-0.44187274580871194,1.0567280304782645,-1.3425620952275494,0.70292613705077,1.6635160198564671,0.28200180090589233,3.103930149295038e-5,1.3690900179837115e-6,-1.843751128668814e-7,-2.1168542576770814e-7,3.8342979542257805e-7,-3.5066416818084733e-7,1.1205592399147957e-7,1.512616758635919,0.596138691817609,-12.235489245899776,149.80071605335382,-956.2874180765264,3372.3731705490413,-6495.162868251545,6187.397009876818,-2118.7565622621946
2.0,0.44116475943558786,1.390169995389723,-0.0047555875148274805,-0.043155000949850156,0.2452692286718615,-1.8670633642484638,8.086880657483869,-20.000664775947037,26.300445214045933,-14.261730873157882,0.2120684650470769,0.34030866445837993,-0.0003502756584101035,-0.002815032728585641,0.013745840520105988,-0.06947881038896449,0.1946510207082164,-0.2836268908264109,0.16758566490500892,1.7911217295020854,0.28203064430041314,3.2605173152238984e-5,9.098069837880885e-7,-1.3258937182058794e-7,-5.852148038199726e-7,1.5649128937110764e-6,-2.205559086526688e-6,1.2755116306388714e-6,1.5825234415620604,0.6224872983786579,-16.36848162458132,254.47195757399837,-2090.2036205564405,9706.880777098788,-25585.725413783064,35659.71167544475,-20393.901332855363
2.0,0.4411647594355852,1.3824558832572298,-0.029329459621154245,-0.007157528972390102,-0.27545293431456463,1.8885059166064242,-7.924677578621226,19.568792810143197,-26.090989343856105,14.457901689649884,0.36583639604928336,0.3403648981507841,-0.060368392296407454,0.7542635147691601,-2.4950048081221374,2.485690876237483,6.80213043037405,-20.322766977061026,15.323335570293828,1.9187448031696972,0.2805146693437997,0.07063067825942937,-0.9086136640304654,2.9334938093155585,-2.918420427114729,-7.908628378288868,23.57606388128662,-17.715332814699607,1.6599660483707266,-0.269371094183465,12.034434701898876,-154.6747462355946,1054.374890873329,-4059.320336654161,8824.965066237814,-10048.712429221967,4625.087793546047
2.0,0.4411647594355852,1.3631110573386782,-0.07021960709112929,0.5950667439347253,-12.509701473453951,121.91008079792581,-642.9617869796416,1866.2038294700458,-2795.563623424947,1683.145062764957,0.5261503491043684,0.4251677918965394,-2.5990603549554354,51.54327366231346,-493.3483904434429,2546.278772545886,-7211.613238072146,10520.68851020591,-6170.140790636854,2.0359173726382633,0.3056732798185661,-4.077120266026916,78.63739250057367,-751.6214665316331,3849.1550056092033,-10740.058297301965,15327.486299083006,-8750.732901312567,1.729949721149145,-0.6389842113956592,32.0723778017985,-557.1981528500542,4980.884731909997,-24602.427760188843,67496.16471172821,-95939.9120637956,55014.65204121849
2.0,0.4411647594355852,1.3268955386742327,-0.09016434880189494,-1.2037538249935427,10.000836971773536,-57.82356223375735,220.14471967534453,-511.3810380295768,647.633758687702,-341.1216533666962,0.698510852899968,0.260579818171553,3.179225106625339,-35.30397260314576,217.37226915016115,-790.897646951552,1689.567035667037,-1961.3861572177088,955.2502633011134,2.097406187949836,-0.025045578562322313,-0.5269668677354722,4.085090122859163,-25.193514181671226,92.8176246996653,-201.46501011482917,237.68492983400103,-117.51575353074207,1.9028342660977595,0.9642905170754648,-5.267755064254118,146.08842049106138,-1720.661483292725,9100.66971740395,-24560.768580545282,33331.51894568221,-18117.291132572074
2.0,0.44116475943558875,1.2446002757586478,-0.2058792964739246,-0.03145617030636677,-1.0201535423678716,8.945076134427984,-42.73956914021713,113.13480935213778,-155.21592687685748,86.02875433201204,0.869583513084231,0.3505510131120802,-0.01969445097299123,-0.6411018101032426,5.734158998531929,-28.370049470633983,76.80658068400088,-106.91820973632821,59.80757578537686,2.04855135215461,-0.17298690687574797,-0.02798915439586383,0.41211738898154393,-3.143873870344691,13.54129387292771,-33.174377442717,43.11474086903815,-23.07501021083819,2.0990239481731168,0.3757575378679785,5.260185952576214,-78.34141689468368,561.0687168966716,-2027.4665338447805,3548.9968990446027,-2355.1265228781945,-74.27413402663902
2.0,0.4411647594355852,1.134202639558379,-0.29699173347359165,0.7402082759364373,-15.79998682851629,134.84131687039599,-595.5602933169903,1461.676567031969,-1892.553046431777,1009.6866873973535,1.0160711280810972,0.3065058556000932,-0.7387504398094569,9.734562043148786,-56.476402705252156,188.3886255861643,-365.14342528039805,383.0210142435789,-168.74683826157815,1.969561630078372,-0.00016047631585501274,-9.080810839815168,157.61689719396279,-1173.7382337953961,4723.4429790155855,-10713.50464437065,12906.830636939338,-6432.496390282724,2.341447752511359,-0.3886089106826075,45.93900773440341,-787.2169684666967,5725.963479646355,-22450.40656128346,49469.81124188366,-57720.490287745306,27768.020761055242
2.0,0.4411647594355834,1.0130545770182695,-0.23722777860580874,0.5403413350413412,-7.458177957873084,48.592683382388884,-199.92635325116333,498.7365810121476,-675.0401354988052,377.55207897530875,1.1682630505064706,0.44608867116612116,-1.1436137734151233,11.004843331071974,-65.1124222486438,220.31975910244034,-417.7466962577864,404.7395339377211,-150.0069352286151,1.9741400227472299,0.0103015575964094,0.3232094135828611,-7.335389961298243,57.34615423065174,-219.9487508324374,460.07048874961515,-502.66484865178705,224.60477889409037,2.055734060977159,-1.217287107856337,81.7905334565885,-1389.5164960511847,12134.941038343684,-58474.77008413368,156887.81128027017,-219599.51618862487,124974.49114903463
2.0,0.441164759435587,0.8924867724873173,-0.29764904740014225,-0.2436940057346153,2.5977409277691375,-17.812056346931477,74.60382564707015,-185.13145893571783,248.93724756157707,-138.84566921463505,1.3276529404278123,0.28893110967524976,0.8072095932656982,-11.653049144946069,76.06512439365827,-279.3072181154839,586.2796146664637,-656.9761087957643,304.9470360599596,1.9885889809635726,0.08762959386763301,0.1388290054924929,-0.0011540330789915378,-0.04661217621340054,0.19921383510059568,-0.5073721798532292,0.6749145632394746,-0.36766827813304487,2.3418147059782437,1.6854492405596382,-68.85786974372061,1228.0300933308013,-10440.384205550303,47929.80649946823,-122103.1852658371,162565.6205211789,-88276.31734446473
2.0,0.4411647594355852,0.7508544541325477,-0.30888572370355905,-0.052734166889408116,1.0549889983070473,-7.065455205435429,29.093141035081665,-69.79721371811425,90.04852423903289,-48.239968896673545,1.4511795162274381,0.23749048269980963,-0.17602439481941332,1.507454298756473,-12.00393074565158,55.026935935574784,-143.478687549563,197.46287836035222,-111.18238352329847,2.0560007869811825,0.20842726931513597,0.12638398932545167,-0.013882778813492456,0.004188739349377726,-0.046454466723124296,0.1364086763283016,-0.20803366571092988,0.12841878620261576,2.4832059520786967,1.143096687972471,-21.37365239731733,237.0829923697793,-1455.4313586331498,5087.589085644938,-9947.555155091859,9897.604038983009,-3740.9674162512842
2.0,0.441164759435587,0.6195881567464284,-0.26102077842917276,0.06290286655855237,-1.157141500097203,10.498225260365652,-52.1196207482461,143.5120399561538,-204.62624883567307,117.64309169317998,1.542872184553827,0.17178115264320437,0.10425243247874796,-1.8748701109694395,16.615553457708682,-80.95199026758011,219.88226632702407,-310.5678493920563,177.39085030629388,2.174783059297327,0.31262346885497455,-0.002191786137735707,0.029951619463588246,-0.2204413392780896,0.9291919085011626,-2.2444564482350295,2.8885574949007973,-1.5350301174927885,2.557480925865886,-0.6848730606484206,19.327555080256623,-233.34329541474116,1436.3109546446117,-4697.205001248898,7722.498400814039,-5000.716988930783,-17.734625505735927
2.0,0.4411647594355834,0.5023982247627335,-0.25763461386531283,0.0486741354825189,-0.8076273309096752,7.995961648052198,-41.409617422061494,115.69452245708453,-164.6589787182506,93.66319495120341,1.6220516351536798,0.17702848742848679,0.06554226778526422,-1.0593185473889506,10.398462106893907,-53.461939302890876,148.38265546458695,-209.90702449916674,118.73527018218398,2.316205182463004,0.31254949399832527,-7.056248144810449e-12,9.618488357999832e-11,-7.165023207335198e-10,3.0623667098090103e-9,-7.4784430394142e-9,9.693644430527305e-9,-5.17177019953554e-9,2.5358523344113713,-0.1009987000602954,-1.5937032959500024,57.82192115143879,-818.5951487749176,5472.448554166302,-18633.972261282404,31246.056820363843,-20477.26161576043
2.0,0.4411647594355834,0.388711015626705,-0.20806023835411844,-1.8609271555798819,38.39471733161026,-379.3701514716647,2005.758127652051,-5770.277599676844,8479.76545069411,-4978.064450548089,1.7063482227541622,0.16084413225038072,1.9553671447217003,-38.73133456282471,378.9206985815605,-1984.1344227604563,5654.555115064035,-8232.856003709954,4790.729941884441,2.457308708827002,0.43485926685057524,-6.564684939501581,132.78356848550888,-1305.1719604337416,6865.618904378306,-19654.485067748243,28744.57545984057,-16798.208488565175,2.4624256528845474,-0.2760281523910402,-4.70286249989588,134.9722821856181,-1502.4889006432932,8334.875445067917,-24437.942153264346,36096.31674032812,-21150.66176899079
2.0,0.4411647594355852,0.2727928614748644,-0.28253259507137085,0.13267550465054323,0.04078778128440334,-0.02766033662552173,0.005353434182216383,0.04647285325112243,-0.07874798143586068,0.039761194871383826,1.816989520493886,0.33991226855614726,0.11025977874214805,-0.024119218281809088,-0.038368757608300275,0.052486479528707025,-0.04242538753704954,0.01191212886998398,0.0025121717560437277,2.5522992255874843,-0.0031020123999758896,-6.9372468972857e-5,1.0221148322236352e-5,-1.1313794314193837e-6,1.0654995624895038e-7,-2.147206021929816e-8,1.7164790721918165e-8,-8.449562811437037e-9,2.2642693332280417,-0.7805448864711102,-0.10856433559495933,0.32421686411941264,-0.27521675695857173,-1.1255123313595996,3.87174489939979,-4.8101184911814405,2.200908839727483
2.0,0.441164759435587,0.1750155750484906,-0.15098477353219633,0.5074725297960333,-6.842951452928953,65.17687293222143,-321.2838700590113,839.2569370596822,-1116.192678432557,597.2301242002364,1.9902079748034973,0.41653597584799823,0.11833011835706074,-1.2827573868172455,11.965736567712408,-60.0665303121008,159.85445232857734,-215.91591471121072,117.01492155817901,2.5508823356748636,-0.0031589119424169174,-5.679768485730928e-5,8.366234651228311e-6,-9.031860385173569e-7,-4.011587286520871e-8,3.5044490253385083e-7,-5.226086310932981e-7,3.053322203736357e-7,1.9053859040127883,-1.0106871694759265,6.391534311212492,-37.029225419724334,-433.6318619378329,5649.578295238385,-23032.745470288064,40781.52558190417,-26895.931252695227
2.0,0.44116475943558875,0.13243348571727273,-0.05649771014873093,-1.2402357894850309,21.745957611593145,-160.24381533498985,648.4072535568887,-1486.3247360778996,1812.796969135543,-915.0553527786005,2.185646585581356,0.3139170493549231,6.7505903108962535,-123.20919592936225,954.218047594876,-3979.851248511467,9325.982847533185,-11575.509400079793,5929.300851362016,2.5491189043466114,0.15920028391901764,-9.059567112905372,165.14292113111927,-1277.0310443741143,5320.78009569921,-12459.26571342802,15456.051604392034,-7913.464800512596,1.7530319517103568,-0.5784446085310699,31.527367987293808,-573.1941002026122,4428.43325432892,-18441.7668536616,43168.550168220485,-53537.44918706883,27405.148353113123
2.0,0.4411647594355852,0.12464587462793889,0.03705050437269973,0.10930035833717404,-0.0048258126983489,-0.007118162116560513,0.000188558547580993,0.00018547327427067553,-3.619309073457508e-6,-2.4622516401611603e-6,2.312933345330632,0.24727931432442019,-0.01637675766234592,-0.0322080272494797,0.0010665351327911318,0.0012584985147902946,-2.7648499656474094e-5,-2.3773060729513673e-5,8.608514123854441e-7,2.6422652759276315,0.2500395951985388,-2.142343927232718e-12,3.078437335537976e-11,-2.422818821173778e-10,1.0861895271863353e-9,-2.7706369271192757e-9,3.742708189328773e-9,-2.0767847213079726e-9,1.4220700925409868,-0.8840234666497425,-2.8982057636749862e-12,2.8356395802560576e-11,-1.3127364543617144e-10,2.7767224364200307e-10,-1.0091349433510301e-10,-5.21321995188487e-10,5.936231641216185e-10
2.0,0.4411647594355852,0.1630392430468349,0.13482565527838689,-0.1786872272517728,6.21049366239765,-68.38772064253288,400.36023577152014,-1274.7952275033317,2072.9693391817013,-1340.6352663349082,2.4185472956898826,0.21659359841997303,-0.2649829224469241,4.783220996611212,-53.503443964992435,316.45675476454767,-1016.0203510176458,1663.788316473413,-1082.6024845481452,2.755392117399114,0.25551062383160283,-0.3423589856283887,7.862059620403382,-86.76464734421994,510.02121004764217,-1629.3197775437172,2656.861639434158,-1722.4339359457974,1.022070092540989,-0.8840234666497337,-4.3720326330332645e-12,6.409962658120542e-11,-4.6535493281623006e-10,1.8109654777342881e-9,-3.826757824656883e-9,4.089202767246576e-9,-1.6949708529792891e-9
2.0,0.44116475943558875,0.24421073568299229,0.25400082157195086,0.08050290799796372,-0.033083505987265865,-0.0052426901501394785,0.0012925120400050602,0.00013721694831689916,-2.5120022955163236e-5,-1.012280214090545e-6,2.504528363796728,0.1821284404814757,-0.11227134321720024,-0.023722156132148436,0.007311672000256576,0.0009268244776772903,-0.00019013929903582697,-1.7790014892057162e-5,3.137098209955298e-6,2.8744606285327547,0.3125494939982658,-5.432661483254801e-12,7.137072811091059e-11,-4.93842189197702e-10,1.9417385875910876e-9,-4.383435068935127e-9,5.309001095784175e-9,-2.679345064965581e-9,0.6220700925409911,-0.8840234666497103,-5.479002719911256e-12,8.98525246654674e-11,-7.54437895627771e-10,3.463808442010517e-9,-8.80438041388705e-9,1.1638898919113024e-8,-6.24763631575611e-9
2.0,0.44116475943558875,0.3723630090274283,0.3048744045926198,0.03042756754850554,-0.03970976205458873,-0.0019815946746616735,0.0015516458242091234,5.175307250897647e-5,-2.9300413573513812e-5,-1.2031351760242923e-7,2.5620761381748385,0.06883882354865918,-0.13475806408430707,-0.008966227064534182,0.00877608419328021,0.0003503810848754432,-0.00022867651261135913,-6.461838826510592e-6,3.2094794023299053e-6,3.0158819847700666,0.3125494939979962,2.581133906586686e-12,-3.645519637349737e-11,2.708463209141325e-10,-1.1186658771098782e-9,2.5811324331000037e-9,-3.1107135589911606e-9,1.5236813135570833e-9,0.22207009254099305,-0.8840234666496796,-5.879345751549037e-12,8.285343470322476e-11,-6.127484447697188e-10,2.522797533889423e-9,-5.8141281145884e-9,7.013634692637872e-9,-3.446142735621676e-9
2.0,0.441164759435587,0.5128092281998918,0.30761502269167196,-0.02445161634865,-0.04006672480886003,0.001592381534003509,0.0015657059895755338,-4.16957109219794e-5,-2.901220084530718e-5,8.301722562457846e-7,2.5651763025973677,-0.05531893000553712,-0.13596944932974686,0.0072052667316659874,0.008854988467258667,-0.00028157462420812143,-0.000230603887735638,5.186160576190031e-6,3.1735453749684465e-6,3.157303341007378,0.3125494939980435,-1.5044290840308033e-13,1.2972610941170381e-11,-1.5265671460809332e-10,8.05955544260653e-10,-2.1848346203326706e-9,2.9589943128120773e-9,-1.584154180350539e-9,-0.17792990745900786,-0.884023466649856,2.168000932633931e-12,-5.1787310193313836e-11,4.999945284079692e-10,-2.463824153308631e-9,6.518912737898803e-9,-8.809984707613209e-9,4.773741872790095e-9
2.0,0.4411647594355834,0.6433798723077362,0.26108612339161213,-0.06673263144656194,0.36883703048987126,-9.080486113297649,66.6767929858644,-212.0059422135492,316.40387027787256,-182.33134793737779,2.513341896912744,-0.1708496356952153,-0.14232873067154292,1.2140915229952038,-17.57155026942492,114.77979809285276,-357.10963871867375,538.0020923481239,-317.5762358771681,3.298723442882703,0.3129899183875219,-0.022633991108676445,0.4453682664902123,-4.3231343158046815,22.82671402159681,-66.76296231865032,101.56367262219759,-62.66342242213325,-0.5766407308839182,-1.4075068215081923,27.659246447984696,-520.8845570709581,4473.025861566126,-19456.01777198351,45552.61966245989,-54983.196281920995,26905.02752245828
2.0,0.4411647594355834,0.7549369268663569,0.260593543609009,0.11880586623371671,0.12645229512038664,-1.3294495951946625,6.727371868127722,-19.264453802135147,28.874748598208445,-17.620822192472364,2.426297968925172,-0.18683875294666952,-0.03727029053920789,0.21550597363432197,-1.6004671016197496,8.120688347230791,-23.17092325075136,34.61160276125969,-21.05798606672448,3.440010490822807,0.3042718361127431,-0.12145639429966593,-0.11050944044766044,0.7686117955640959,-4.044243791131272,11.896103367001523,-18.194461354271475,11.286556204133223,-0.6205484014934608,0.11433431287474469,5.060518602780128,-51.79945714983172,238.9622400548142,-375.1772484530346,-673.0914862549934,2944.8808910053426,-2687.0287802359953
2.0,0.4411647594355834,0.8965944816219487,0.3588430590419673,0.036616060394588514,0.8364163867334904,-8.754204659739685,41.47853558168934,-104.99394409986662,137.61655157073244,-73.512344206535,2.3395751373875657,-0.1901176901414155,-0.007282488743687631,-0.1110010973384526,4.0601876829846395,-24.86422402057554,71.3443450015655,-101.02241637269587,56.89216302365631,3.5493650447358083,0.17429825824363432,-0.059124024914904254,-2.512077358395534,28.059578593090425,-137.35555810303413,354.8576009822919,-471.86673944750385,254.78779882510568,-0.49090274087601515,0.12998949364051368,6.989273201037327,-145.81666431866768,1416.3132120388877,-7258.521308071412,20287.68637734565,-29242.174930166922,17006.26516511254
2.0,0.441164759435587,1.0678773517363622,0.3916717281797692,0.02218946430521753,0.017896227125782507,-0.20745032436691996,0.9638494010862209,-2.4918562245388927,3.369541332975043,-1.8557070765001442,2.2603194821943946,-0.15512253464456366,0.038275068688106775,0.06720622476552544,-0.6112136459724994,2.8399735868268974,-7.3800443587250815,10.020252655672515,-5.536724466755605,3.615098621517887,0.1338088709493809,-0.019952671297726654,0.0008008169479933102,0.00030181134492298294,-3.8003818186664174e-5,-0.00010887772324588353,0.00018080736792664255,-0.0001132862339053765,-0.37594009183933574,0.14628202625826886,1.2842865415902631,-6.1756888410360045,-31.132089425244416,420.4978614014489,-1661.0245429139738,2918.640869804916,-1945.5801609068628
2.0,0.441164759435587,1.2493243788786113,0.4092823607200957,0.008652377544653771,0.11845469954928951,-1.1175119464479395,5.526685595733662,-15.07283806449582,21.255461947762708,-12.089461335395495,2.1982822149231422,-0.11963743153405597,0.008232576747874216,0.47818780512707265,-4.415957448188621,21.916711145236775,-59.948065252535855,84.69651501646089,-48.22765130680475,3.6716446865418466,0.11634332456225334,-0.018553305478772535,0.001211428193003902,0.00018703037351512327,-0.00017838110689426655,0.0002541249707831155,-0.00022515486298327003,5.653124189967738e-5,-0.2855000199195198,0.14664551701981227,0.8110575659422689,-10.682689427727091,61.63107783822279,-147.66696066095366,4.190679534570155,518.0977880350127,-572.429013519147
2.0,0.441164759435587,1.437183288944132,0.4203757397372343,0.010104772681836717,-0.0032619699370908827,0.000786389862015331,-0.00013389733616230677,2.762880537056266e-6,1.572155825876394e-5,-8.926988420876555e-6,2.1504007462710852,-0.09267776597822734,0.02768728918965619,-0.005016575244999672,0.0004587010148898931,7.198765412336498e-5,-0.00010037645727457124,0.0001068177689888121,-5.863423059025064e-5,3.72060690039241,0.10034660674994206,-0.016759949946109326,0.0013943193019645451,4.954252550683052e-5,-3.824698203334503e-5,6.802361404014943e-6,-5.265586621403086e-7,-3.004081222397586e-8,-0.21699294804381136,0.13572784596946272,-0.0414854470887891,0.007385069596016102,0.002194716498037267,-0.014600017521521113,0.04065467904194675,-0.05878033629560705,0.03421812878641307
2.0,0.441164759435587,1.6291906187971745,0.427780886869,0.006524649849741135,-0.0020932043744941683,0.0005123100060227362,-7.73309531497956e-5,-3.949161546280462e-5,6.583563779438261e-5,-3.451702425440261e-5,2.1136900976344593,-0.07052502421185372,0.021472841560379353,-0.004124913031827949,0.0004618253862490647,0.0001258092653154099,-0.0003312732871998869,0.000399153835054031,-0.0002031260162450667,3.762710623060173,0.08604711602850613,-0.014837771645568569,0.001417480473256389,-1.789110664896759e-5,-2.2193607493654833e-5,4.9844436209823765e-6,-6.043250997869603e-7,2.8345299677828444e-8,-0.16339271264286082,0.10262597185013211,-0.03173696902773969,0.003551779497112047,0.01923135306699586,-0.08154152617539952,0.19003879427785425,-0.2357908983715672,0.12086619355366875
2.0,0.09049533526883735,1.8239132714475323,0.43257175224233313,0.004234074850748446,-0.001337226511244906,0.0003305868303339662,-5.770386118979636e-5,-8.535225468234432e-5,0.0005181032296342885,-0.001054197271226886,2.0858133855474845,-0.05344917829477022,0.01645939016440129,-0.003273839844137693,0.00044523156738723743,-9.138827872613302e-5,0.0008559512714128277,-0.006628154186287252,0.02103711063769082,3.7987373048343818,0.07347949986048774,-0.012953278397604562,0.0013480454695061136,-5.4909470822654944e-5,-5.523265610887876e-6,-7.040926354630554e-5,0.0005115188647896634,-0.0014551691982402405,-0.12293829177989203,0.07733819479121798,-0.0242667739001332,0.0050288405689171015,-0.002242595905029304,0.0361953393736652,-0.5163896713422783,3.9675336770297984,-12.547561846806234
3.0,0.44116475943558614,-0.4999999999999994,0.35360938665990743,1.0806408405918337e-12,-1.465501129945539e-11,1.067530528185298e-10,-4.41401572850741e-10,1.0365187685311997e-9,-1.2871636925393136e-9,6.562074991245907e-10,0.9999999999999974,1.8887154565438554e-13,-5.296170699574622e-12,7.020061035215749e-11,-5.06841225565328e-10,2.1085054384724883e-9,-5.0447425059183545e-9,6.4457506921774326e-9,-3.4060939811888464e-9,0.4999999999999987,9.443577282719277e-14,-2.648085349787311e-12,3.5100305176078746e-11,-2.53420612782664e-10,1.0542527192362442e-9,-2.5223712529591773e-9,3.2228753460887163e-9,-1.7030469905944232e-9,0.0,0.0,0.0,0.0,0.0,0.0,0.0,0.0,0.0
3.0,0.44116475943558625,-0.33999999999999986,0.35360938665991487,1.0497867299820848e-12,-1.5311379985171633e-11,1.1546652389161518e-10,-4.871310032179619e-10,1.1601749017196841e-9,-1.4571465470105186e-9,7.501106577188968e-10,0.9999999999999974,1.8887154565375157e-13,-5.296170699558565e-12,7.020061035192781e-11,-5.068412255635044e-10,2.108505438464243e-9,-5.044742505897233e-9,6.445750692148937e-9,-3.406093981173135e-9,0.4999999999999987,9.443577282687579e-14,-2.6480853497792825e-12,3.5100305175963904e-11,-2.534206127817522e-10,1.0542527192321215e-9,-2.5223712529486166e-9,3.2228753460744685e-9,-1.7030469905865675e-9,0.0,0.0,0.0,0.0,0.0,0.0,0.0,0.0,0.0
3.0,0.4411647594355862,-0.18000000000000013,0.3536093866599555,-4.623484973603663e-13,7.922311772450272e-12,-6.817788512329727e-11,3.243752669642499e-10,-8.662491482135433e-10,1.2156032341095941e-9,-6.97195043401746e-10,0.9999999999999974,1.8887154565391003e-13,-5.2961706995633085e-12,7.020061035202459e-11,-5.068412255644883e-10,2.1085054384694807e-9,-5.044742505912268e-9,6.445750692171008e-9,-3.4060939811861345e-9,0.4999999999999987,9.443577282695501e-14,-2.6480853497816542e-12,3.5100305176012294e-11,-2.5342061278224414e-10,1.0542527192347403e-9,-2.522371252956134e-9,3.222875346085504e-9,-1.7030469905930673e-9,0.0,0.0,0.0,0.0,0.0,0.0,0.0,0.0,0.0
3.0,0.4411647594355861,-0.02000000000000039,0.3536093866599461,4.32191277465774e-14,-9.067527627297127e-13,6.27038653397267e-12,-1.7712462151551094e-11,1.0909649464918062e-11,3.5770939786460355e-11,-4.8223296890996445e-11,0.9999999999999974,1.8887154565439276e-13,-5.296170699568474e-12,7.020061035200966e-11,-5.068412255638868e-10,2.108505438465237e-9,-5.044742505898515e-9,6.4457506921493994e-9,-3.406093981172821e-9,0.4999999999999987,9.443577282719638e-14,-2.648085349784237e-12,3.510030517600483e-11,-2.534206127819434e-10,1.0542527192326184e-9,-2.5223712529492577e-9,3.2228753460746997e-9,-1.7030469905864105e-9,0.0,0.0,0.0,0.0,0.0,0.0,0.0,0.0,0.0
3.0,0.4411647594355863,0.1399999999999993,0.3536093866599544,-9.976671565392136e-14,-2.6970385193199836e-13,1.1062289782346958e-11,-7.693305746144772e-11,2.449088426201742e-10,-3.77002156391476e-10,2.2710939388625623e-10,0.9999999999999974,1.8887154565377508e-13,-5.296170699548187e-12,7.020061035169188e-11,-5.068412255612264e-10,2.108505438452723e-9,-5.0447425058654265e-9,6.445750692103532e-9,-3.406093981146901e-9,0.4999999999999987,9.443577282688754e-14,-2.6480853497740937e-12,3.510030517584594e-11,-2.534206127806132e-10,1.0542527192263614e-9,-2.5223712529327133e-9,3.222875346051766e-9,-1.7030469905734505e-9,0.0,0.0,0.0,0.0,0.0,0.0,0.0,0.0,0.0
3.0,0.44116475943558653,0.3000000327329371,0.35358263997448,0.001982414512608841,-0.04730093146116968,-0.053658460204690256,0.223617075380798,-0.5247345780570352,0.6699482158059497,-0.35390831449349797,0.9999966607309096,0.003670932478083876,-0.09838185013480698,-0.7675723148191329,5.547803104355921,-23.002956855131185,55.018777468831416,-70.28250142625743,37.13191587187313,0.4999999654279706,-1.6820720912328646e-6,0.06751943719669143,0.0012725530192075954,0.0033036866206991177,-0.019263810608959233,0.04576970616998885,-0.05815869916121617,0.03067183804445044,0.0024260819755344202,0.26520164661314194,-31.878420401312678,419.88883587266884,-3019.1589353523054,12524.104128943554,-29901.807797891648,38144.6172090325,-20131.006349817537
3.0,0.4411647594355861,0.4554804767096398,0.32285209137239973,-0.06887394332113245,-0.04784295925279251,0.007930025911433183,0.004295389493561129,-0.0021125545472705787,0.001957964595071485,-0.0010735116154151846,0.9711565495568426,-0.13036442258444556,-0.13816109465965182,0.027029254238797817,0.014147570313264251,-0.002170255541624103,-0.00032457374308539176,-0.00041559556836888065,0.00028337282984141596,0.5139346466287562,0.06173564359010024,0.06842168537239436,-0.00047695863281301416,-0.0012190393502973804,0.00020303354644415192,-9.412171076896338e-5,7.219052538977239e-5,-4.095540563263711e-5,-0.3837692637045141,-0.884023466649913,9.625678081015676e-13,-8.097148368051903e-12,3.46274918694522e-11,-7.81724703735682e-11,8.90673041971519e-11,-4.4141534547176514e-11,7.54132652256905e-12
3.0,0.44116475943558564,0.5834077612569667,0.24353798545830393,-0.5734570720605516,8.917437155052411,-86.67421681366395,453.9656403699847,-1306.6431325593026,1938.7500596029672,-1154.8872739532167,0.8869865777209142,-0.25254662895793994,0.8728641347468019,-18.897690204695724,183.47084464337243,-959.8230591673465,2759.4892147799474,-4088.7437376719276,2431.3928774900673,0.5557528878635116,0.13444456591983917,-0.5302932027345328,11.783159162628545,-114.13921570635509,597.1694672133364,-1716.958471850791,2544.1277613032366,-1512.9086988159506,-0.7837692637045133,-0.8840234666499325,8.739099548942529e-13,1.414321135885e-12,-9.767884651790366e-11,7.518745932223254e-10,-2.5922532020488964e-9,4.289137833947903e-9,-2.7641820311093845e-9
3.0,0.44116475943558564,0.6651354259581543,0.14343062498325906,-0.1715121840939701,-0.00014146509196431983,0.029714243014864576,-0.05466658027444857,0.15223756966574054,-0.22508412499175098,0.13381886825673453,0.7632922098916964,-0.35195857268140407,-0.021544018460105327,0.015547468188925093,0.45127278059784537,-2.3085215176494494,6.475068354165683,-9.438872297859676,5.5630154430143355,0.6276851768013125,0.22569007508151628,0.07441820324587,-0.06095093559978124,0.5253292438641404,-2.67750275567081,7.525145421479576,-10.969210115347492,6.464311044262884,-1.1837692637045132,-0.8840234666499637,2.418807873117726e-12,-2.6700393956491166e-11,1.5416518003134002e-10,-4.783997010207901e-10,7.503309537663675e-10,-4.566125422571207e-10,-1.9223642073562883e-11
3.0,0.441164759435587,0.6957831393048745,-0.004348333256468667,-0.14821230708577185,0.0006909224868569322,0.007410803934534437,0.00960750110226693,-0.023067375416708995,0.02884589392087035,-0.01511987167262636,0.6048964197408857,-0.3351618008085283,-0.0004327990977625162,0.06810072963038397,-0.16505945049854348,0.6551369784028562,-1.5202317376798742,1.8923286653348672,-0.9790743478293679,0.7439817963983942,0.28813570378244074,-0.002746458930847733,0.028489726333464006,-0.19236138274049916,0.7656548373047277,-1.7716970387595532,2.2049938862246394,-1.140741458890503,-1.583769263704515,-0.8840234666498341,-3.023217949943113e-13,-8.033963836878761e-13,3.268041263937498e-11,-2.4246199315033027e-10,8.471512798578272e-10,-1.446596672100692e-9,9.681848771072399e-10
3.0,0.4411647594355852,0.6639220767852758,-0.13692560934341275,-0.019845678636903855,-2.2041734512731703,20.420137608946202,-98.2719116555931,249.26688071513593,-308.71393621021446,146.12679211435324,0.4575454551694082,-0.30472170990065,-0.08023009399056887,2.8650404616227285,-27.5641703350762,142.39477473310018,-395.2084422225321,552.6481395895518,-306.76480758087183,0.874245576685965,0.2877641162148215,-0.00021889439901754329,-9.672591176668818e-6,0.0006485923058459112,-0.003918394896050944,0.011164146739051539,-0.016565669880684034,0.009888586246799615,-1.9837558749973738,-0.9451343060915505,5.23590349705455,-144.49243631665058,1794.805718017374,-11327.118396612816,37325.1425628178,-60668.780176642955,38420.40050398154
3.0,0.4411647594355852,0.5830136247909126,-0.17402066148225276,-0.07761323378761968,2.6102409472089585,-18.242547889591776,74.58320484054136,-176.21282728534644,222.97068069586726,-116.9163753692048,0.3293622221578419,-0.28759140900685753,0.05971978851326541,-1.753561602586218,12.611061602663181,-51.51988673076923,121.64122758409005,-153.84281734825205,80.63686168345727,1.0044081419702378,0.28756154019496527,-0.0002726548161079943,-0.00011902213928785944,-6.136625906616928e-5,0.00016471222935174985,-0.0003682679199199224,0.0004768426634138712,-0.0002525783978653781,-2.110450241950716,-1.4573676377049105,60.24916230540653,-757.1952667737417,5273.837560181135,-21381.029102527467,50175.05689673144,-63153.07268450646,32973.72130558217
3.0,0.4411647594355861,0.5282746246362551,-0.057457784665111214,0.14624189055177358,0.00775373484880145,-0.010034040239304445,0.0028132822559439803,-0.008795064049778787,0.013571413626419431,-0.008270917245842923,0.18867109528095335,-0.3310146741155566,-0.025769558884311726,0.04267704771519453,0.004423134730218574,-0.015776128469120673,0.040936259155036236,-0.061701543700727834,0.0376774259458576,1.1344549841229241,0.28723202970592193,-0.0004416691412816228,-0.0004818916925160649,0.0032847415487205775,-0.01709988595214178,0.0495374195408608,-0.07452743451000995,0.04545094111525335,-1.742664940682343,0.8840234666498352,-7.733423706874842e-15,1.2753836597817974e-11,-1.7461428888524947e-10,1.012063065433464e-9,-2.968729775615106e-9,4.34160534545561e-9,-2.5184487895605805e-9
3.0,0.4411647594355861,0.532558462321359,0.06384027220754387,0.8423742002307979,-14.596001259139522,144.65659072061547,-750.0925203530998,2079.225881931527,-2931.547648205817,1655.4805068361868,0.037580380389498125,-0.3021307119172883,-1.440891029016593,31.195284587015017,-311.90522868209814,1631.6663539642223,-4560.616908925794,6476.22234457325,-3679.2799628774414,1.2643667012820383,0.2629952476730425,1.3712364129417607,-29.002485729322096,290.47796663860953,-1520.0735315333925,4249.939975503289,-6036.661307744961,3430.367724820853,-1.3426649406823423,0.8840234666498539,-3.294655622792506e-13,1.0084864791524002e-11,-1.009901230552728e-10,5.054933228941443e-10,-1.3659584814762074e-9,1.8995958645869317e-9,-1.0647368583043534e-9
3.0,0.4411647594355861,0.5873286341642784,0.156642602902429,0.09208744178695127,-0.02243006562975612,-0.0048028706932362435,0.000950822624641187,-0.00016147124995261134,5.064553930995142e-5,1.6433889511235164e-5,-0.08618784690378962,-0.21568491798907763,0.0737098677267323,0.025341516462616488,-0.0052784180576807725,-0.0004246664108200862,0.00016612672305148558,-0.000164101075486406,5.7112204655534196e-5,1.3810254177373082,0.23234179450780926,0.006341043299635206,-0.0013901791596578875,-0.0003300476763428967,0.00026484864547814374,5.167333529497478e-5,-9.00184913124162e-5,2.5139524375023723e-5,-0.9426649406823416,0.8840234666497769,1.9235235309071042e-12,-1.956023036308888e-11,9.761207442649155e-11,-2.3198277733413258e-10,1.6529253758892506e-10,2.5587344777339536e-10,-3.695841991622972e-10
3.0,0.441164759435587,0.6747969742859634,0.22460551647765656,0.056543711588891946,-0.029383687454409675,-0.002936136278407433,0.0008077465287178055,7.35382832196211e-5,5.871050871467243e-5,-2.815434017442208e-5,-0.16657007539213503,-0.1354501364515013,0.10128454852237254,0.01504637002953981,-0.006093986447311753,-0.00038052397943522077,-4.07821749048706e-5,5.839764953638188e-5,8.918061979571367e-7,1.4873154386668537,0.237160748910573,0.004296565377675677,-0.0014548874025749944,0.00020966392721617297,0.00015051217062368372,-9.3300983774196e-5,1.3518321813951645e-5,4.111389391815632e-6,-0.542664940682344,0.8840234666498809,-1.006033194723636e-12,1.8165138380434725e-11,-1.6815916997108323e-10,8.723172462521786e-10,-2.535088271831346e-9,3.833802639034884e-9,-2.341237616431539e-9
3.0,0.4411647594355861,0.7851732313177333,0.2568196380279273,0.01386176690242208,-0.0328515854506238,-0.0007747186939834555,0.0011145613498227474,0.00010755708275327958,-3.779114325135828e-5,-1.3082294411227675e-6,-0.20599050989496093,-0.036889774723176276,0.11386834406041589,0.003248764933653851,-0.00688856846902956,-0.00023854548619417184,0.00014166782197465205,4.265857233368686e-5,-1.2840019029044073e-5,1.5953809283879856,0.24025489875192108,0.002666350308343214,-0.0009159557770741487,0.00031930908459107795,-2.4827746879713537e-5,-3.1381863475611166e-5,1.9081527293297014e-5,-4.556333773160399e-6,-0.1426649406823442,0.88402346664979,2.10635489122126e-12,-2.4633411978493613e-11,1.4722336241573805e-10,-4.97478222928701e-10,9.7769451774519e-10,-1.0581864770424735e-9,4.931978246612299e-10
3.0,0.44116475943558786,0.9011622567817057,0.24914271649810288,-0.030598868582248917,-0.03182939622056335,0.0019508502562398827,0.0012380874732913333,-1.7748898214646822e-5,-3.77678112621288e-5,3.310689340506088e-6,-0.19936037219803407,0.06556689486121982,0.10969831826210324,-0.009395860580372563,-0.006892433804650789,0.00026312592938770374,0.0002059582629765549,-2.227395917198878e-6,-4.947780000754627e-6,1.704564420063625,0.24221578696041238,0.0017790214373527822,-0.0004238539672942478,0.00021531619975662466,-5.1556143125878275e-5,4.123078713215365e-6,2.9661435775038866e-6,-1.260815220969094e-6,0.2573350593176551,0.8840234666497973,1.1858264578977395e-12,-5.090776926677062e-12,-3.2792921296271936e-11,3.86207711347503e-10,-1.4368243455062385e-9,2.3995573128290497e-9,-1.5255035461104587e-9
3.0,0.4411647594355852,1.0047830069011805,0.20374091834841737,-0.11030490623353445,0.5102902920296865,-2.00516596540495,3.1055725723086667,0.9864068388885997,-8.876778524844388,7.666810686511348,-0.14838824034319323,0.15730453606988962,0.056734898203861205,0.38005781826802715,-1.1346796101143524,0.4305883294517927,5.7463379810360795,-13.465887873198641,9.503666946100465,1.8144975051317176,0.2424728358573427,0.05445055627182645,-0.6813501604501576,2.182850529582585,-2.105428495791866,-6.148971684393691,17.97577302592453,-13.447675736776468,0.6573350593176543,0.8840234666499488,-3.249020913675881e-12,4.8737917066209356e-11,-3.585959560022522e-10,1.4223653682207934e-9,-3.08720844589655e-9,3.417336671771007e-9,-1.4837946903844067e-9
3.0,0.4411647594355852,1.0839140010203152,0.1633940803419177,-1.0849590238306102,15.249051149728764,-100.94938858540002,356.4067579436689,-701.4843465230865,723.6516171610452,-303.5646477764763,-0.05619516122823816,0.2977349883980196,-2.000574696655478,31.539602637638627,-201.38950360786265,687.790269262313,-1302.773359629655,1280.1375296939125,-502.7148485277073,1.9171215447645686,0.23734873533238213,-1.5933969064393434,23.517659673735583,-153.65547327571173,537.240266220973,-1045.8406246703478,1064.3220740837057,-438.62200401285344,1.0573350593176554,0.8840234666498809,-3.4243464736863e-13,6.17270632701046e-12,-7.154554548101934e-11,4.3026429405426515e-10,-1.3449643024315898e-9,2.0906652077351577e-9,-1.2790456352829069e-9
3.0,0.4411647594355852,1.1331792911250957,0.04542360659737318,-0.1720088779448679,-0.02879486497119941,0.022867327121185388,-0.054333738206594984,0.19784676167895943,-0.3080036127186135,0.18228124971253548,0.1012540237281682,0.39859399033363174,0.059060592063856825,-0.11014060412226663,0.5246107286138537,-2.6326608074582794,6.860393983772925,-9.169810796500146,4.97202069055636,2.01253503193012,0.18557457298139443,-0.08555096050873374,0.11935591198067377,-1.3063281487742189,6.351144364261308,-16.379794222843582,21.78307319493278,-11.771105476820875,1.457335059317652,0.8840234666500373,-5.24097351302873e-12,7.517721282128668e-11,-5.883111122870506e-10,2.6332349005876166e-9,-6.700517456742588e-9,8.99777462833321e-9,-4.944275884178372e-9
3.0,0.44116475943558875,1.11659877447951,-0.1211667500188944,-0.18799193060995187,0.006895921301038728,0.020861534226432735,-0.0007947817475965221,-0.0011675147747587243,0.00045923181317119514,-0.00025614756840938545,0.2875577603359847,0.4112265944615285,-0.032430547390551075,-0.0693251307257637,0.0023920825928812296,0.0048117405578561616,6.428112915982637e-5,-0.0005703455928226298,0.00028585172371082727,2.0790826552301125,0.10763676937709804,-0.08772084233099828,-0.00045666411727128894,0.0006258546711132717,-0.00010748196686472428,0.00016763191833547815,-0.00011270720491598859,3.783175177496726e-5,1.8573350593176523,0.8840234666499991,-4.157468194784602e-12,6.514359246243632e-11,-5.477862184430832e-10,2.5858115150181186e-9,-6.85060148630625e-9,9.504054543565936e-9,-5.372339612036388e-9
3.0,0.4411647594355852,1.024778655152215,-0.28081021324533456,-0.0991160131928064,-0.9304097934052007,8.467233406255051,-40.291827642677674,108.2441844740533,-155.94166212393282,95.30278018596789,0.4607527837021518,0.34286691473608544,-0.21512842871724375,1.9818733006480997,-21.01729031083409,116.31001753213307,-350.6188149727136,539.810440039907,-329.7859467863784,2.109809201439286,0.02819600845901165,-0.08760856437455598,0.0007709655426530701,-0.0006106176099271127,0.006621179057001154,-0.019121585284629386,0.028985010634164702,-0.017846715181785353,2.2552229099746888,1.5706540319161943,-33.2963738735788,615.126832979064,-5565.713559846009,27186.07847557434,-73042.00765885499,101530.16353696147,-57118.54719130203
3.0,0.4411647594355834,0.872859374941356,-0.4200189650562954,0.6254481593658029,0.7129452104245557,-46.03244043076176,309.5414188881264,-944.3343231510394,1401.9480831989445,-821.1537165200231,0.5884313010113547,0.28570753705887736,-0.31103704157704826,-4.365878503895606,90.54828770785983,-576.3198635276385,1754.6726130703769,-2614.5186556498593,1533.2455384219588,2.1047409510571495,-0.05864155982397011,0.3254013516517844,-7.249750127922856,56.75121602204958,-217.64311647322924,455.1044394534101,-497.0149502537155,221.9482861396766,2.526487138892367,-0.22092946437762304,30.08600697063216,-651.1023363065027,5443.718294492981,-22937.01373099649,51828.26146393245,-59957.68564815769,27906.312064683454
3.0,0.441164759435587,0.7154134554513896,-0.32175770841839096,0.1664119752584429,-3.833510910168417,47.75814947789375,-282.1661650660648,866.657170170301,-1334.7042082736546,814.4200051500469,0.7139075401341831,0.28555541080292385,0.8276748370793062,-12.878973766838916,109.15123981377359,-522.0590787383671,1409.1702745837276,-1995.324400534416,1149.430730271603,2.089822363346581,0.027794845885060693,0.15238754715714165,-0.0013365548402891596,-0.011881658542934053,0.027039637349397624,-0.06907966027242875,0.09275172666336227,-0.05093639210460953,2.409591428637835,-3.209424000353403,93.059171139354,-1328.579979146464,9849.933565420033,-40406.252457951574,91865.1658710978,-107639.6003065347,50284.105914850064
3.0,0.4411647594355852,0.5844375128214442,-0.2415204988592498,-0.10813387022505944,1.981246562454975,-11.426495908464812,32.66689084106145,-29.623370942109446,-38.554424655969925,65.83132330512157,0.8577796114398837,0.3256125795492689,0.13974744841424347,-2.054360132346366,12.052881174592853,-40.6038443569922,82.56143731427188,-95.39676079862994,47.707545430744545,2.1331668071520085,0.16227193718391605,0.14232172035631643,-0.012273289401457317,-0.009997132261379384,0.02038305635625319,-0.05297516049473387,0.07360315713179785,-0.04170515680882185,2.2032727447851728,0.31374872529677184,-4.450248710283501,-47.78979614419359,1077.5704263907849,-7291.11489303057,23013.909408507952,-34680.407462237396,20122.76451000072
3.0,0.441164759435587,0.4886888291357529,-0.1628565793578816,-0.39681796030212324,9.45562707055498,-83.80312318078511,389.9271519252098,-998.3427157784001,1331.2384367281231,-722.7208653331621,1.0004744488807917,0.2931562738132995,0.10424229762522223,-3.449758498589308,30.04828075074382,-130.39937145693935,308.6091325814841,-380.27541281845293,191.20059764993798,2.2343087365622,0.2841258786648397,-0.012186519894443288,1.9582528919404474,-12.319897675479828,30.563844612276863,-22.248076331096996,-28.881479141670866,40.78575019970529,2.1021320170972473,-1.016872265686803,33.50250574779384,-670.8494038462861,6531.887300125581,-33825.099565664364,95583.02472206859,-139223.37940491864,81811.15958107797
3.0,0.4411647594355834,0.4244175971657798,-0.12336203618350487,0.08818309927365031,-1.7246091220602073,20.719196209053113,-117.57973596219409,343.4953373994184,-500.2541173980752,287.79888098909663,1.1289622286316348,0.27871825209226936,0.47594028280314954,-8.29688591084873,71.43395033050862,-327.5571022143184,831.9023892507652,-1112.3797305058915,613.6794819287753,2.3736041378255606,0.31254949399814286,-1.9452187212280977e-12,2.8466610938492144e-11,-2.276838669740751e-10,1.0290317765827703e-9,-2.6137457300702556e-9,3.478020307882232e-9,-1.887281131844299e-9,1.9637223525722118,0.8125359932657856,-31.93984962479162,475.08349022967656,-3936.2132808319307,18537.372402251276,-48990.17154874273,67498.98266928928,-37685.03726377885
3.0,0.4411647594355834,0.3762730306169876,-0.07740690040976474,-0.353711265102724,5.701137996283175,-40.009017686740975,153.4270478196217,-325.1920033905635,353.3071175711949,-150.7154081576647,1.2633139055100828,0.3010137644978931,-0.008931969134607039,-0.01538425332794366,2.827773124381962,-22.989678488892903,78.80763956692067,-126.0113174077915,77.28949142734027,2.5150254940628636,0.3125494939985642,-1.3431684086307547e-11,1.7229542030898922e-10,-1.194737257826575e-9,4.7694022635424715e-9,-1.0967656241411943e-8,1.3497807848201706e-8,-6.883746507443269e-9,1.8497573662462743,-1.1424839361843007,62.29783231236448,-1276.4761420959317,11981.794551300816,-59696.582115090845,163244.00701355815,-231355.50035406032,132803.5347070623
3.0,0.4411647594355852,0.34606800295343415,-0.03735429346544711,-0.362915247610873,6.504718917312838,-54.70898379173305,255.38372727290508,-663.0793835847882,896.0243440201259,-491.7179212991835,1.4015438749439988,0.32254722388927703,-0.5370697936701572,10.169892891490907,-92.0639398756992,441.6282568357102,-1150.8539693306475,1541.6305008988734,-832.3997224824484,2.6564468503001786,0.31254949399820053,-4.567536361999536e-12,7.064698944870066e-11,-5.641746804663424e-10,2.525170391711027e-9,-6.390006469991297e-9,8.535790386475713e-9,-4.676819049965126e-9,1.7158092416606496,-0.43747295253315277,22.489971812584795,-494.586762608896,4923.583878477927,-25941.72714415676,74426.07888565506,-109659.98502440182,64931.04846242787
3.0,0.441164759435587,0.33297670071915064,-0.014610469032906028,0.027504770540354762,-0.03177578710374792,-0.344199755114866,3.580723626306366,-13.14230152745174,22.096643315633568,-14.277216355318993,1.5439782223526128,0.31950046339156907,-0.08712737815331126,1.2045557084459566,-8.429976582464386,32.122533655424725,-67.56891136735966,73.31808459744597,-31.745235109641104,2.797868206537482,0.31254949399847143,-1.0637649238600815e-11,1.362638937168702e-10,-9.567485049970202e-10,3.8987308268950324e-9,-9.193138542772938e-9,1.1632278022981224e-8,-6.1098831476605295e-9,1.6105246248801188,0.34175313526988077,-12.851648161806784,158.8528585794854,-1027.1827170169433,3701.76038212295,-7406.983555853874,7561.602299784798,-2977.7176368701903
3.0,0.44116475943558875,0.33049803657101895,0.0014271958394435182,0.12178735057903486,-1.9511550269206,16.87266397765153,-78.94507287017798,205.40931752099755,-278.8197998934307,153.8275192804777,1.6872051942071205,0.31534313961800836,0.0823495961044976,-1.5665139749599353,11.343292041560012,-43.274656944839926,92.1144522111109,-103.62608995107898,48.1055778378593,2.939289562774796,0.31254949399815085,-2.0297901799600796e-12,3.2697283079957704e-11,-2.902534356893257e-10,1.4460958605558504e-9,-4.033673688121986e-9,5.876089215105371e-9,-3.4768541156476806e-9,1.5565843319450559,0.11322700106291822,-5.683629259791965,84.38091814876904,-696.2842702685055,3268.287569481175,-8691.940784504752,12146.708883834563,-6904.572238818505
3.0,0.4411647594355852,0.3356362641155678,0.021449402445480707,0.02127938984209064,0.0080510605511485,-0.025023781654968873,-0.14554727011420154,1.1773378783833581,-2.7741554471276424,2.207787990908543,1.8289799508268076,0.31307075377410754,-0.006973818182951013,0.0839321353781573,-0.5365353943076363,1.7081258966212765,-2.429639379506897,0.5406738723190323,1.2491705735386962,3.0807109190121045,0.31254949399822834,-3.575473085228279e-12,4.519855281748156e-11,-3.261321852566847e-10,1.3940801193815333e-9,-3.4866901537098866e-9,4.701543715927467e-9,-2.6326767981032693e-9,1.4997921782524881,0.13255462318622127,-7.772173541982551,99.77166988059062,-665.7523147506716,2425.998034496002,-4747.991938111748,4473.2363656576945,-1418.7120216752394
3.0,0.4411647594355852,0.349839546962161,0.04151392681421663,0.016757325694598528,0.07934828321405374,-0.6072698531041717,2.579468920568713,-6.14139026801787,7.675794211334614,-3.919009042280086,1.9703164151835268,0.31179041998225554,-0.019854435936477084,0.22663506204911318,-1.7550610823216999,7.631577369110932,-18.85420519812367,24.68627057507929,-13.296669398985653,3.222132275249416,0.3125494939982063,-3.528313203599616e-12,4.804561044852359e-11,-3.714931623514238e-10,1.6816491178283743e-9,-4.3766981165857586e-9,6.041980040168851e-9,-3.4207927438202955e-9,1.4355750592358931,0.15084504041210176,-8.361585991488132,106.46261102300438,-708.7818057851689,2615.278147298821,-5309.0673358477625,5420.299577943907,-2078.0378773463767
3.0,0.44116475943558875,0.37306454400104155,0.05979972301208529,0.04311588398877026,-0.3539116796278458,2.8865478330126524,-12.677678273169112,30.943991301409923,-39.54075078084334,20.63049870440733,2.110198519567192,0.3076453417771482,-0.027671828935706452,0.2882244920377467,-2.000883964004423,8.022087092268704,-18.55996322841454,22.975618815280356,-11.77608610537838,3.363553631486723,0.3125494939982968,-6.3273270152560714e-12,8.343919712827372e-11,-5.82146765953416e-10,2.3131277495067687e-9,-5.280346493119161e-9,6.4644453189851985e-9,-3.2944007079364852e-9,1.381553041788867,-0.6574552069317455,15.082610416560323,-195.78663155584874,1337.995945418511,-5167.0116607963655,11310.783983073023,-13050.003047579781,6142.585771911591
3.0,0.44116475943558875,0.40497939348742473,0.08029946049698597,0.0499195559549724,-0.4579121563592659,3.895684898237422,-18.022198103339424,45.683088667694506,-59.2337704173191,30.601788511987806,2.247961518377437,0.30208280274070953,-0.014226411811337405,0.137040187752921,-1.1822880103611828,5.479576661343046,-13.879277607869128,17.937195348331073,-9.213648309809686,3.504974987724036,0.31254949399802495,1.7887113398914817e-12,-2.6047679910960077e-11,1.9626539037909674e-10,-8.104328832843439e-10,1.8480542347711725e-9,-2.1792155386993766e-9,1.033991318663002e-9,1.308839922913076,-0.07035888156155966,-4.858650897305189,101.88366455531333,-1025.2945344678935,5519.373760244483,-16244.81807251401,24594.042608632597,-14962.929777104207
3.0,0.441164759435587,0.4464099595655005,0.10227350656000392,0.03859813462401411,-0.37062336399312046,3.8543667948860127,-19.152052713505494,49.29322720405219,-64.00031424615271,33.62883184037675,2.383144924090299,0.2962913306814539,-0.05991452685042403,0.9997861372612503,-9.315804060501925,45.71823830681819,-121.09806331844676,162.5757282140212,-85.79333544817362,3.6463989538058406,0.31168549881673796,0.04239691407854131,-0.7910413493252474,7.20257058921347,-35.158727117614546,93.2255317170408,-125.12192446863072,65.44141531526961,1.2384458248216452,-0.49798052097614776,12.854792108501716,-191.1273903743016,1394.1366763517688,-5544.131344446026,12301.81506124361,-14349.085198119277,6876.294040246303
3.0,0.4411647594355834,0.4981376484080718,0.13616997559062818,-0.16582934982495967,4.208065081922736,-34.54151634714825,152.07917971192074,-370.8280979441813,472.47514579078194,-245.6772328054669,2.5154560651614553,0.2997843265360184,0.18999218683479588,-1.9816518525144127,16.56675819677622,-75.02618652071794,186.68967447019244,-241.61357436238094,127.32926443306387,3.787120462415441,0.2948011904318487,-0.11527438395127369,-0.024237338290199775,0.0045618074274815556,0.0013291421517196208,-0.002873006875187926,0.004851395863085449,-0.0031136912608447378,1.1580861800737379,-0.03069880927947185,0.8805055191400656,-127.95318828958497,1783.921553531086,-10701.607979232704,32475.98737350106,-49017.38799962741,29268.123731381165
3.0,0.4411647594355834,0.5727907485565807,0.198067054873006,0.034854288677289805,0.5440320306634806,-3.926983160273218,14.215968877892418,-26.025184727552364,20.54723586499727,-3.317490809578234,2.665513074165341,0.3530604989853031,0.07374408878136834,-0.732141759689136,5.586674219303695,-24.50164044241475,59.44963208185406,-74.71226770425807,37.84840511153065,3.894870227435134,0.17744126571353233,-0.14236393886512147,-0.00666625555368253,-0.07281142476532369,0.418057663418367,-1.2289822375104968,1.8806993939185817,-1.1673444844869623,1.0616787613682557,-0.11525858717845193,-2.4609228249113793,13.500046019505579,45.831277644917854,-724.6903401947928,2781.4149937182815,-4565.5371114594545,2774.2738864004637
3.0,0.4411647594355834,0.6755765112831068,0.25750816346680194,0.0692982740045863,0.6870757591762805,-8.692534195724026,44.50446570571298,-118.19327995814564,160.39431262147278,-88.03560008415488,2.8285697458441508,0.3568129718721858,-0.030775230579558686,-0.5518843292649915,5.878483064219114,-28.793350767761765,75.06804074840757,-100.96716379594325,55.172376662841145,3.944973545695743,0.04126020400606722,-0.0561271838963582,-3.012291450685593,34.057725762778524,-167.35651842152723,433.1885024184449,-576.6939550298948,311.63561731900336,0.9459091879237872,-0.10420270369469116,-19.805852182034183,362.14814831884763,-3034.0937098921595,13835.585625246867,-35370.73341918219,47605.26152659495,-26246.802626630226
3.0,0.441164759435587,0.8035016729864567,0.3009765584045541,0.03530602305752867,0.01825431449526238,-0.15544154406048025,0.6121193415082556,-1.358545198345868,1.5766652718420944,-0.741422174288909,2.9819802737696555,0.32348419005302503,-0.0327865537763045,-0.02245776709010653,0.14361759000946286,-0.5487046453470076,1.1759266199341702,-1.3021469774618162,0.5744078341910822,3.9522418807033537,0.012677626508142645,-0.001204015504313174,-4.222416486205466e-5,1.974975096433675e-5,6.340255514632374e-6,-1.9480593851857754e-5,2.792981028843043e-5,-1.642837770401086e-5,0.8201459235228479,-0.14562036292819203,-1.2867864000755311,5.450424773908198,35.84326016520714,-433.1625617505921,1665.7910273940702,-2882.788907546786,1900.3711494923905
3.0,0.441164759435587,0.9468600303081874,0.33197720201401276,0.027751624555678065,0.05683074029697191,-0.5107507359179897,2.328156120554766,-5.8595650651887965,7.641753517095162,-4.035185595837188,3.121214993745557,0.29159017510543356,-0.030597816238768522,-0.08571244891388648,0.7146689600843329,-3.241936709481301,8.102685576730911,-10.467035337510072,5.465286736223174,3.9577286556712585,0.011569713480114227,-0.0012363052074312317,-4.698940342026312e-6,7.6078822375387836e-6,5.970986635278075e-5,-0.000180297053742028,0.00026996505933049163,-0.00016086932106339335,0.7208479312261102,-0.15917016735312878,-2.551791857869611,46.105042846523595,-408.097648697911,1957.642882172961,-5180.814161930416,7106.093544939031,-3942.3920471827514
3.0,0.441164759435587,1.1030638841057687,0.3575476786923852,0.027565586886049192,-0.029392267823022213,0.1660134575331229,-0.5736005653786393,1.0584821402307754,-0.932885485773892,0.26743983363601675,3.2459113183443136,0.2597661492636207,-0.03872680065077268,0.05485386003731646,-0.3918504639828886,1.5321082933626335,-3.32077626920951,3.7225234473628466,-1.6640790507043155,3.9627108005236287,0.010454068859195266,-0.0012223698721021896,2.528276506904694e-5,1.222616548203259e-5,9.595293094158792e-6,-3.2791072630783933e-5,4.787138995259512e-5,-2.8176935648293932e-5,0.6259554987083296,-0.27843872624462507,6.836009225575828,-129.47005083305203,1130.8086492630953,-5298.953776618779,13749.787795017219,-18619.796033651746,10269.169701247984
3.0,0.441164759435587,1.269778858637838,0.37860055059264913,0.01881293171530688,0.029702833334170387,-0.28866531790014505,1.3667368370144755,-3.5921251981601174,4.9193601990697715,-2.7350965321024296,3.356265225885067,0.22816358593473515,-0.031936474778545255,-0.05067289513684798,0.5008955297723309,-2.5469286392385513,7.074393261039058,-10.130071931373415,5.847992585333529,3.967193652370963,0.009368222492869038,-0.0011724509679528058,4.7554546313507635e-5,7.2830418025559105e-6,8.928262353794493e-6,-2.4561526452229047e-5,2.918236348883562e-5,-1.4053207375057216e-5,0.5446232247575316,-0.3426129553600821,2.999013010229352,-14.344099336767774,-94.7579039629442,1252.0125098298809,-5067.257201859971,9088.947939259047,-6143.1398579532215
3.0,0.09049533526883735,1.4449819818940441,0.39515669936706177,0.0159409857210931,-0.00475685508594491,0.09507980200078706,-2.2526876984652118,31.959263945895813,-245.13518160153146,774.5676429684183,3.452610656124271,0.1980069965018237,-0.03185720818055805,0.002077842033983826,-0.08904880954124467,2.1355568683137394,-29.729783483515018,226.34895098042176,-712.9194388062589,3.9711972704392635,0.00833950839665527,-0.0010978859311370655,6.13419943360455e-5,6.860920732696548e-6,-2.878936588803623e-5,0.00040761161861810054,-0.0032806510168064988,0.010788077568862428,0.4656964611343822,-0.2026863214513392,-0.5250802386309614,35.80720511280677,-1328.7589650117038,32943.051278716994,-478739.5341867401,3.6917315275555938e6,-1.167595480024805e7
