agent_id,duration,x^0,x^1,x^2,x^3,x^4,x^5,x^6,x^7,y^0,y^1,y^2,y^3,y^4,y^5,y^6,y^7,z^0,z^1,z^2,z^3,z^4,z^5,z^6,z^7,yaw^0,yaw^1,yaw^2,yaw^3,yaw^4,yaw^5,yaw^6,yaw^7
1.0,1.242928906522404,-1.7999999562806173,0.14159756608207955,4.74135693568409e-5,-0.0002499201151678708,0.0006328424616957544,-0.000824805145125249,0.00053299103816219,-0.00013511136991589174,-1.2000027248130811,0.00021952197220190286,-0.0030592125044238004,0.01635819315408027,-0.04201960147436081,0.05556266519755699,-0.03643363989434103,0.00937370809807977,0.4999972707627015,0.00022171943763792058,-0.0031087408831622716,0.016719325051991907,-0.043190969928293854,0.05743205901757795,-0.037869118686571925,0.009796923114335946,-0.00012123287663550478,0.011046944891928352,-0.16724258617847257,0.9627394283376212,-2.6481628464027596,3.734496564269868,-2.602767875713612,0.7096538304990514
1.0,1.242928906522404,-1.659999551385537,0.14155611402655283,0.0006715609181977388,-0.0034990395572007016,0.0086664305651074,-0.014315321620388184,0.010638296490478356,-0.0028476863105092918,-1.2000060395127439,0.000929761764104041,-0.017403452872840595,0.09929567574989984,-0.19495940278321194,0.22332366921800664,-0.1351923501912841,0.0324663171114283,0.49999857786735163,0.0004619693240547651,-0.010589891785881204,0.06498241496024332,-0.10982328716047525,0.10394734450873956,-0.05153401977320848,0.010415336320292814,0.0020172046803367365,-0.14605561153841884,1.4690027679657067,-3.843827919570681,6.020752494903602,-5.187058904111475,2.065501420403291,-0.2596871652563057
1.0,1.2429289065224043,-1.520852835803551,0.1499054035473426,-0.13026247462056673,0.5922968330476799,-1.2520101248561493,1.2766763840844215,-0.5915287911310751,0.09640749194897696,-1.1917632174578423,0.01842034707470338,-0.01998660142375178,0.0668587636082304,-0.09191352500076519,0.04959100045693587,0.0018428353891314926,-0.006909238050498114,0.5076114711948616,0.020886691372456682,-0.02303070503823323,0.15306235678962046,-0.3164976403952089,0.31328239510178063,-0.13813926567451246,0.020485599938691194,0.11895708853276481,0.056277222248704344,-1.21559590237814,6.353160650582394,-13.698367552339265,14.552399254705962,-7.597711234099856,1.5620159643189002
1.0,1.2429289065224038,-1.3809472168275372,0.16859289557031273,-0.003562879202512058,-0.0006806206243043627,6.072701085432207e-5,-2.5731099304265807e-5,6.184457758542979e-6,-4.431491188752786e-7,-1.1740615516909598,0.02226221511586621,-0.0007748620057388429,0.000393584199460878,-0.0004118061993079628,0.00019686924892681383,-4.4939806363203e-5,2.945125568929449e-6,0.5371932143911462,0.04909461297405721,0.012586319800003567,-0.0001720568837203113,-2.3455772101548788e-5,1.5224061790571174e-7,2.0687073521805256e-8,-2.1554385338055347e-10,0.13128506672413243,-0.0034732093414800275,0.007630982002390218,-0.0068060526648163235,5.3282539175853124e-5,0.004560023652789905,-0.0032685535215973465,0.0007525690056082889
1.0,1.2429289065224038,-1.2183572326692422,0.1593074055661506,1.7894631144248215e-5,-0.029260669152857986,0.07211458259823562,-0.09183050517914376,0.056677336136466736,-0.013265761801340167,-1.1526742346149135,0.020946286235903194,5.801849003281294e-6,-0.003852625418248872,0.009486665104500453,-0.012076811045896682,0.0074529567524792536,-0.0017443437560393906,0.5978400572095424,0.07399670021408015,0.003445069678996962,0.04482827287914119,-0.11365445173851466,0.1450822291042022,-0.08982504843886392,0.021113383345531134,0.13073355594524308,4.1305017138573484e-5,-8.567616380026113e-5,7.441636180747295e-5,-1.6424953804406085e-6,-4.726743476106154e-5,3.407382753628459e-5,-7.878218800378053e-6
1.0,1.2429289065224038,-1.0662776103633043,0.1480290466935547,0.00048046938692522913,-0.001536465679631948,0.0028147353436458245,-0.002823170022674064,0.0014620104982636638,-0.0003056978491131329,-1.1326772965560388,0.019464479738785023,6.314497479475161e-5,-0.00020199386592431294,0.000370088242239186,-0.0003712138069979211,0.00019224074237827148,-4.019673494420295e-5,0.6817622091617569,0.09506890415786359,-0.0007658159225325836,0.0024496928841099795,-0.004487592213794394,0.0045008900383051815,-0.0023307778565092602,0.00048734253336258477,0.13074089265121464,-4.1302226914416935e-7,6.418212277357432e-7,-3.2620741725324994e-7,-2.590304522160025e-7,4.536972994632145e-7,-2.4246940798822523e-7,4.73528942798525e-8
1.0,1.2429289065224038,-0.9198317566414134,0.14815568769359774,3.118960832558467e-5,-1.5642907359576048e-6,5.906276146841126e-8,-1.7830144062998383e-9,3.41705135645963e-11,2.2889429047551614e-12,-1.1134210042511634,0.019481116971962722,4.101239516868722e-6,-2.0560529959975623e-7,7.500810039576547e-9,1.4460176171510891e-11,-1.0483171946349131e-10,1.937334311955772e-11,0.7756121411502185,0.09486743012535796,-4.955140635304137e-5,2.460984924054353e-6,-9.106610776104962e-8,2.5928644146415533e-9,-2.2112127640817126e-11,-7.85073835446235e-12,0.13074079477831507,9.60501407829756e-10,3.568488589521843e-9,-1.3221361793433055e-8,1.8855944744016237e-8,-1.4291858387749117e-8,5.71866180577127e-9,-9.53863325400511e-10
1.0,1.242928906522403,-0.7733221676203773,0.14821299428257775,2.6879504632220997e-5,-1.3473861671116926e-6,5.0790746273100674e-8,-1.4998199190749573e-9,1.3316043836333989e-11,5.3308972379441256e-12,-1.094156334120867,0.019488652361167366,3.5344115647530593e-6,-1.7717549087098699e-7,6.687059328954008e-9,-2.0369070620794083e-10,4.440967140488448e-12,2.2829764605603066e-13,0.8693608044032535,0.0947763249339198,-4.2761447251733275e-5,2.1254692241737565e-6,-7.87841066477971e-8,2.2501280386113394e-9,-1.639329005796301e-11,-8.181919493042413e-12,0.13074079541447167,3.438657540416522e-11,-1.1693220110118278e-10,1.7747254949698658e-10,-1.2646055399861454e-10,2.545135477685952e-11,1.4848525798608292e-11,-6.310756231303083e-12
1.0,1.2429289065224047,-0.626760842983125,0.14834004622675598,-0.0010383411175745373,0.0051282982982738465,-0.010639393154475266,0.01002050387968465,-0.0046325399716501,0.0008470217898826128,-1.0748778829405325,0.018904357844779996,0.008160792340055739,-0.039932451770527636,0.08434350592687832,-0.0814597798013334,0.03841050187387241,-0.007156623114221464,0.9630257169892456,0.09469770807840419,-3.689787016347722e-5,1.8353290628400225e-6,-6.822221829237131e-8,2.0557593105002457e-9,-6.997981982252158e-11,4.638462542407305e-12,0.1305661748331335,0.001752371941145882,0.11561775608581339,-1.2631665375015706,4.2822256362928615,-5.964904993251585,3.771355278996793,-0.8998636830797655
1.0,1.242928906522403,-0.4804009017958866,0.14734856728324713,-0.0010043998057976495,-0.00017953198626900784,2.0763952685286644e-5,-1.2877335771928749e-5,4.779380404082147e-6,-7.896170282306433e-7,-1.0539010180022825,0.025749540571780676,0.005865046822855289,0.00010045145161739393,-0.00014834896203614326,0.00010074986824852609,-3.959603420886745e-5,6.770986329423043e-6,1.0566183627991566,0.09462987461556846,-3.183530894949969e-5,1.5844225292434363e-6,-5.8923501160833526e-8,1.7396745804803229e-9,-4.19587064221137e-11,7.601490640339291e-13,0.1730083338992928,0.07952339767986412,0.0027912079386186953,-0.004556748826888392,0.004558812044057017,-0.0028377491076357494,0.0010228656074231493,-0.000164106289507553
1.0,1.2429289065224047,-0.335866438190936,0.14531670740952327,-0.008610965817006322,0.042008201442479555,-0.11409370502619232,0.14986999482816596,-0.09146043451776233,0.021141097207405823,-1.0226911472319618,0.03751990262326783,0.003440772349251545,0.013899524063681551,-0.037178364933292615,0.048133394861519595,-0.028940580841087048,0.006609582219091963,1.1501560393699721,0.09380798646535955,0.012213389903256353,-0.07187730685327724,0.19309125563930096,-0.25182360791714953,0.15255556669504877,-0.03506001675546504,0.25243390507561797,0.08070983861159957,-0.003919527294358179,0.02332186727777098,-0.06337542464548619,0.08351636317456747,-0.05107829074586473,0.011830376018902876
1.0,1.2429289065224047,-0.19335051363675565,0.146150100896531,0.00399166675462636,-0.0008884996577393356,-1.8935250552863092e-5,2.5841219916191788e-6,3.39595682251171e-7,-5.051201343650188e-8,-0.9797790700404351,0.05046823467984636,0.008177743540946308,0.0002604790203238947,-5.005911942676341e-5,-2.1298757989863176e-6,-2.377096902458883e-7,1.0947158156471731e-7,1.2420936503722977,0.08615425893329805,-0.011561800778126819,-0.00032055062655635667,2.166459834959123e-5,3.5322043501973145e-7,-1.727786605852651e-8,-7.090555963794642e-11,0.3324974508519205,0.08313485845633017,0.0034667076531437833,-0.00030670794195658487,4.46797402687937e-7,-1.757420335467922e-5,1.3279353282830064e-5,-3.3562350975571727e-6
1.0,1.242928906522403,-0.04582503630654604,0.15137834664472627,0.0012740808589509773,-0.0009332301839042958,-2.9338233851856084e-6,3.701696806234718e-6,5.788543782712995e-8,-7.0190884478847634e-9,-0.9216858154033534,0.06719833361642606,0.008634940794470367,4.071713794195964e-5,-6.028700418960248e-5,-1.6401886715701125e-6,3.2767229916775524e-7,-1.2675410036909462e-8,1.3156831897521848,0.06243741794118351,-0.012382350215735197,-0.00023175559108930434,2.315496628695021e-5,2.493212667600539e-7,-1.7798909686814985e-8,-2.954603603070525e-11,0.41777780480792814,0.0890615968626937,0.0025129340572596246,-0.0003311317475195919,-7.857098013675328e-6,4.342425565370823e-6,-2.3694037740884396e-6,5.570617189352816e-7
1.0,1.2429289065224065,0.10418053271508709,0.15167681385464837,-0.008937462231499027,0.03786248334064498,-0.0871819583992703,0.09002376214576098,-0.04536339060323837,0.009033298152916525,-0.8468211003666035,0.08368768473509419,0.015298020494258309,-0.03646596963732996,0.08215541058810992,-0.08534627250500819,0.04325766287896348,-0.008666299853075758,1.3651229964440348,0.03609889612017663,0.005274899005722314,-0.09322996531255871,0.20643616023305902,-0.21050654505962216,0.10484470617058406,-0.020642988359959934,0.507619854029974,0.10952655860332303,-0.08268819311556569,-0.31555766517465744,2.296758666193886,-3.8732613161955616,2.6780702712927997,-0.6735794989135806
1.0,1.242928906522403,0.24971250813484897,0.1400157723023098,-0.00891822478842708,-0.0012383155481383932,0.0010944949585616538,-0.0011045940496914044,0.0005193871287958732,-8.426896306498354e-5,-0.7540942741274482,0.10539851863701323,0.012241247485526565,3.377729273911469e-6,-0.0011663931550916216,0.001208697257779937,-0.000600663397290581,0.00010855713945814586,1.3931160112258751,0.024813344014048656,-0.0015274178914855448,-1.2211630496053554e-7,-6.767187811801734e-9,9.257455510244061e-10,2.9556021773569534e-10,-8.818786809261009e-11,0.6452585572243624,0.1732790845215827,0.005023053911760324,0.00798292909974525,-0.07209672398133364,0.1355963365613987,-0.10320144609759399,0.028101360654320496
1.0,1.2429289065224083,0.3786406517749475,0.1200661369263964,-0.010717023663846241,-0.0016195418881404051,0.0012189847531169913,-0.0006992665259249008,0.00018245816748580963,-1.4427995281609172e-5,-0.6383518777201123,0.1282086102273938,0.01035085074341056,0.00013227424580463323,-0.0009298645250960689,0.0004697778540043679,-7.498366317050902e-5,-8.758978115456164e-6,1.4161556049715471,0.021792669143082012,-0.0015278083886557413,-1.3707588098042152e-7,-5.904329389399647e-10,9.99619338413295e-10,1.014955742143018e-10,-3.132816291156168e-11,0.8179214850729971,0.17678116972102176,-0.03837021739680352,0.1909047812376344,-0.4149573182102757,0.45474590248573576,-0.24741862326145403,0.05330075236478996
1.0,1.2429289065224012,0.4859682269339406,0.0965037896062243,-0.013681410999508257,0.0036623797312881835,-0.00936317495291538,0.010706542307823608,-0.005994318887159183,0.001309339596706371,-0.5018692183724766,0.14719904089743474,0.009003447784222194,-0.0027326756076637196,0.004398372637256053,-0.0050034917604117385,0.002789216410747642,-0.000607667399757106,1.4362082869316517,0.01877120171698433,-0.001528207720048011,-1.2957311216579855e-7,6.3107555093357896e-9,-2.921610603273576e-10,4.990822161164827e-10,-6.6714229885017e-11,0.9908675324322361,0.1757126996139621,0.009585504007394009,-0.09961955627200375,0.32699911558907596,-0.4810208296015909,0.32800288462699756,-0.08438581124515898
1.0,1.2429289065224047,0.5683253742164827,0.06973075374136417,-0.014395803364146439,0.0003574743826870453,-0.001220839344608385,0.0013544491323623606,-0.0008373441157910384,0.00021601320951787772,-0.3486547947737889,0.16192363105866145,0.006337040632337523,-0.0011113212976443152,0.0004161248013153111,-0.00040385179151860315,0.00021919077119857464,-5.1485293672201804e-5,1.4532732864535147,0.01574898919715711,-0.0015285517166418968,-1.0160448011550801e-7,1.3262865386108563e-8,-3.777952515454438e-9,2.846740008986786e-9,-6.817929749960873e-10,1.1641843707707418,0.17839484692680785,-0.019121860062138465,0.07466963549771816,-0.17137039870889575,0.21443479929490236,-0.1335386310010336,0.03233659389285945
1.0,1.2429289065224012,0.6230847987806668,0.03952073276479262,0.002134307862676037,-0.08674302494777808,0.1860210485434598,-0.1808701304901253,0.086198214999346,-0.016313388778544408,-0.18327030308696002,0.17197839628769304,0.0008207948995130376,0.01388748937183293,-0.03297364859631904,0.033794315787429724,-0.01676356930490808,0.0032849710960426385,1.4673499400020409,0.012726197995803329,-0.001528784499936586,-5.3963169468512593e-8,1.2932891386179045e-8,2.2149743162756376e-9,-1.110664894562181e-9,2.951060280620301e-10,1.3385546071914418,0.15486710115730049,0.009711856263512174,1.3362518885485715,-5.859850004092723,8.788329160188479,-5.740840424116528,1.3948764957433206
1.0,1.2429289065224047,0.6527326871364271,0.026317132776458363,-2.3172090148693812e-5,0.0003222191286676846,-0.0005593139952804749,0.0004759436737066327,-0.000208960050133661,3.7924748919496756e-5,-0.011217280248319805,0.17476472553746927,8.8378592932738e-5,-5.747598383678603e-5,8.419205511594003e-5,-7.158515835061866e-5,3.140488529582759e-5,-5.695514745853182e-6,1.4784378007410026,0.009703097446151433,-0.0015288564429053176,3.350637551667179e-9,2.5536786799119133e-8,-8.529972170978814e-9,5.0681916167020655e-9,-1.1106801171353156e-9,1.421321597408989,0.0006880940499927528,-0.007501802632791748,0.019100842455442368,-0.0246734293019555,0.01808134729228789,-0.007210612766945432,0.0012217580381834407
1.0,1.2429289065224047,0.6787946629183427,0.02653570951030227,-0.0023488990875695807,0.014474542799488956,-0.04215025950813728,0.06253747707366131,-0.04560434658371253,0.012940340955652496,0.16163961830651946,0.17485674584045757,0.0006403028114867849,-0.003381883572130019,0.009334019428130174,-0.013250701364798799,0.009297724689157206,-0.002551038003658004,1.4865367332027504,0.006680046045124302,-0.00152872872681779,8.151975278143892e-8,2.1073345847217865e-8,-1.0345250392068527e-9,1.2304332264630133e-9,-3.4786733548977217e-10,1.420382930659718,0.048843419454910365,-0.6443651606419929,3.2366166630505875,-7.722683408135096,9.350676447011764,-5.513807818641851,1.2465570302474365
1.0,1.2429289065224012,0.7048912059002244,0.026026230607020903,-0.002472287366652329,0.06333275808277818,-0.11779987331403333,0.11901367691623914,-0.061959513886626294,0.0130060675676661,0.334604372964474,0.17503227829238027,0.0007097395916664601,-0.010991185059732029,0.0189760554451747,-0.019347834209257737,0.010131572327405454,-0.0021348251747803993,1.491647691878883,0.003594476780944406,-0.0005835362144680906,-0.005354401105286691,0.01435301625057039,-0.019422413030149195,0.01269353752702138,-0.003134090519964344,1.4228930946529597,0.060240124800051566,-1.5164484824021285,4.78203551518294,-8.238794929251492,7.896010570560053,-3.950213458230206,0.8039051330850793
1.0,1.2429289065224083,0.7434246206696618,0.05387416160644064,0.014921259365176442,-0.0002812276453814571,-3.9101379074216214e-5,5.876344394484338e-7,-3.613024556148553e-8,1.58151167653246e-8,0.5050749397127491,0.1686007591171495,-0.004767921266138459,-0.0008801968449080582,1.2137847062663717e-5,1.6935587790948548e-6,-1.7749157152511727e-7,3.36816703340035e-8,1.4937835783105688,0.0008985845567280316,1.4877839517992496e-5,-6.907318823298932e-5,0.00012896541117281412,-0.00013097715708648797,6.856095471690534e-5,-1.4468949015009282e-5,1.2615135395845247,-0.17700127404353472,-1.0106957529109481e-13,6.681631409977461e-13,-1.7172343106919884e-12,2.1515918842993902e-12,-1.3101610327354255e-12,3.099911357835245e-13
1.0,1.2429289065224012,0.8109667795019461,0.08240609789960031,0.01386325804066567,-0.0004302879510699858,-3.619440103727866e-5,6.742156005011455e-7,3.777425736911727e-8,-5.515689629005766e-10,0.6662710785905859,0.15664574634807288,-0.007292973729957342,-0.0008179395426474542,1.9039768904621182e-5,1.2821077707464186e-6,-2.0409339122117372e-8,-8.033958560429463e-10,1.4946699627145394,0.0008922972231122765,-4.14388109289427e-6,2.444870931711242e-7,-1.0818701671755824e-8,3.8416910645318875e-10,-1.2039294850068282e-11,4.3756690142883884e-13,1.0865135395845227,-0.17700127404352176,-8.98162480222963e-14,2.5332153603999785e-13,-3.4669091447974626e-13,2.5482974854498197e-13,-1.025873412885539e-13,1.9094020924591378e-14
1.0,1.2429289065224012,0.9055429171837464,0.10842079384674096,0.012381752539353684,-0.0005661263484883529,-3.232611931649878e-5,8.864788342529396e-7,3.409162765613228e-8,-7.986212609894617e-10,0.8132455892214111,0.1399056812376646,-0.009595295638868873,-0.0007305299451915435,2.5051034333490096e-5,1.1446284169759943e-6,-2.631797932198486e-8,-7.888895147476522e-10,1.495548346730236,0.0008847800827079729,-3.4786163437643152e-6,2.0523879588561302e-7,-9.081517694674247e-9,3.216762165575624e-10,-9.664396404796237e-12,2.747361214492618e-13,0.9115135395845225,-0.1770012740435531,1.6510949312930952e-13,-5.458508758292181e-13,9.084527918547588e-13,-8.129827969024952e-13,3.7491226002850763e-13,-7.001930695876317e-14
1.0,1.2429289065224012,1.0242640312899296,0.1311235739509627,0.010522020983410763,-0.0006846709083643633,-2.7471289469851303e-5,1.0729785359268274e-6,2.8474993594715725e-8,-7.901385261188245e-10,0.9415088402411723,0.11889191587345876,-0.011604510129334378,-0.000620804741042447,3.029650412121282e-5,9.730861105195667e-7,-3.206842530050288e-8,-5.777729798624897e-10,1.4964199125755218,0.0008784697603061726,-2.9201500320709026e-6,1.722917347626809e-7,-7.626748504700514e-9,2.7308145994733226e-10,-9.73850410521295e-12,5.823896048917789e-13,0.7365135395845208,-0.17700127404352672,-5.235529356005231e-14,2.371371128741205e-13,-4.688896728218559e-13,4.307898509477534e-13,-1.7297087289466062e-13,2.1484572423962364e-14
1.0,1.2429289065224083,1.1635035613988538,0.14982093535675298,0.008340873126910313,-0.0007823020920711528,-2.1774253977893768e-5,1.2231246294060535e-6,2.406788333749165e-8,-1.2309901664653299e-9,1.0471427726284073,0.09424635751160569,-0.013259241683683663,-0.0004921164505135353,3.4617961701877e-5,7.700521157620879e-7,-3.5784791280916256e-8,-5.949942348476271e-10,1.4972857548577323,0.0008731725164906857,-2.4513393783565116e-6,1.4463074722000895e-7,-6.400520491564532e-9,2.2695887411409914e-10,-6.859650513892534e-12,1.9467639551787598e-13,0.5615135395845219,-0.17700127404351293,-1.2019492984809833e-13,3.5535932525534433e-13,-5.640457109115185e-13,4.899267463059388e-13,-2.1666877607009282e-13,3.753128310285248e-14
1.0,1.2429289065224012,1.3190081702325076,0.1639417293218735,0.005904934585184948,-0.0008560287111320879,-1.5427598876728644e-5,1.3525716918634259e-6,9.966611679432082e-9,2.596432572833457e-10,1.1269205848552661,0.06672185367890815,-0.01450894378622911,-0.00034839416907393766,3.7879504031606824e-5,5.45776295273162e-7,-3.945602857034736e-8,-4.109839889011785e-10,1.4981467924561687,0.0008687257094523148,-2.0577933777307e-6,1.214094110012267e-7,-5.369429947606261e-9,1.8604249920350785e-10,-2.9853572970324053e-12,-5.088580079124776e-13,0.38651353958452267,-0.17700127404352742,-8.14378651112778e-14,3.4689595744445345e-13,-7.023339241020778e-13,7.629562819283833e-13,-4.2862281949966046e-13,9.749327658841809e-14
1.0,1.2429289065224047,1.4860276699303192,0.17305462826181864,0.003288697815158495,-0.0009056974034345824,1.6233274651617296e-7,-1.3185065529337881e-5,1.0316755973624602e-5,-2.425758661744471e-6,1.1784045665651321,0.037216292748936564,-0.016089124649887872,0.003830416319568782,-0.010011653613372404,0.012914009202136248,-0.008219769247968675,0.0020507498087678063,1.4990023888149564,0.00098224243116598,-0.0016642125698876783,0.008962554305399505,-0.02296384769837252,0.029872245811072676,-0.01891477307760159,0.004579094207334385,0.21135921354474696,-0.16484936111572132,-0.1663989584927436,0.8744545732055744,-2.2067051683666885,2.8649265445216052,-1.8432155301986906,0.4649464346922134
1.0,1.2429289065224047,1.659460224173957,0.17687059784732947,0.0008202086665783447,-0.002610687422411147,0.004491495539482724,-0.004259493317432485,0.002098787873526204,-0.00041995508268323804,1.200015442121419,0.00710272667477164,-0.02191953321729966,0.007578101019820188,0.05254014729531817,-0.08864469716526174,0.05647850788641049,-0.01313929562056554,1.4998491494407926,0.0007596441053284314,-0.00350669650044594,0.008501678007025571,-0.011593770009675673,0.008971985563612145,-0.003674572014396753,0.0006178846107897053,0.036301700330430536,-0.1315857505911092,-0.9165519519851653,5.381838737387656,-11.1892696356547,11.562813021759553,-5.978897788740896,1.2347143551578896
1.0,0.3389806108697506,1.8344499407065507,0.1770012090085497,3.8918913101656286e-7,-1.0759711844883202e-6,1.2225402020718455e-7,7.667762293688397e-6,-1.9358001647222018e-5,1.564700261078737e-5,1.2000163535838326,-0.0001518687515704472,0.0004971049528110623,-0.0008826199586969376,0.0008527318312880372,0.0006783931359015767,-0.004250847454836949,0.004808661772015088,1.499925278063473,1.322567689506789e-5,-1.1704593406601637e-6,6.900624543427606e-8,-2.702637623597887e-9,-1.216911073623193e-9,2.539917879107727e-9,-1.9607062550864006e-9,-0.0008565242577273205,0.005535207060676639,-0.014247517257082296,0.021546799434804552,-0.021725388853464887,-0.027130342515996872,0.18177908203406923,-0.22516131519088384
2.0,1.242928906522404,-2.099999970029569,0.14159865800916394,3.2358342343189446e-5,-0.00017024008231628925,0.0004302495938481824,-0.0005596536416101813,0.0003609158267205713,-9.12995051442803e-5,-1.7999981041714048,-0.00014767414507634545,0.0020058877691800903,-0.010460200184915221,0.026195805277996063,-0.03375171641768894,0.021550429852349028,-0.00539488370555273,0.4999972707611485,0.00022171955972676176,-0.0031087425534347874,0.016719333825385176,-0.04319099206703158,0.05743208777141957,-0.037869137202419634,0.009796927791525507,0.00033553621323643957,-0.02675830525433616,0.3698770446504967,-1.9613919189814966,4.9941529583730775,-6.542372361654341,4.247541645545418,-1.0813211560468685
2.0,1.242928906522404,-1.9601927563037178,0.1582005200414857,-0.23797491426330666,1.2781208951018235,-3.2104600069389195,4.0229562359640525,-2.4214668025817185,0.5596919255480716,-1.7999720349579496,-0.00285470514095305,0.04380993402034333,-0.23233720810331823,0.5396937824797234,-0.6821194339966757,0.43089973077475363,-0.10515718794137173,0.49997832860039454,0.002177410689572765,-0.034888499668157276,0.1939338236288042,-0.429733774579921,0.49977462730508593,-0.28652514081809155,0.06402152391284499,-0.002794136850934274,0.18065489391936815,-1.8142058717993013,6.427439453451745,-13.954564973329614,16.251964215519184,-9.105018121824374,1.9346699808984293
2.0,1.2429289065224043,-1.8130633072258067,0.17495085594952245,-3.219011092066637e-5,-0.002991589003997601,0.0019151627430315124,-0.00043733490710924476,-0.0006716873698256581,0.00035428611170880225,-1.8078754484902682,-0.013364060151863128,-0.0003175505999610085,0.09787418780460368,-0.2631695642434226,0.32568701298961533,-0.1897205056039682,0.04219494596518417,0.5084872302891643,0.022497153070256713,0.013084288440496325,-8.232609431429286e-5,-2.5170093200526823e-5,2.037078973609955e-6,-1.4640271876329989e-6,3.9045409446171753e-7,-0.08033036101546603,0.0974578073085393,0.9143332450903415,-3.472317891584093,4.985220250357854,-2.628876153905629,-0.03528428986784365,0.2928984443686962
2.0,1.2429289065224038,-1.6418968888048528,0.16992572647385232,-0.004437317412937294,-0.00017895313871110348,-0.00016491081294739564,9.560479551025126e-5,-5.2661219216132297e-5,1.2622008418207484e-5,-1.8088333057063488,0.012154087455474612,0.011539713898823505,-0.011730696752252903,0.010482038936415115,-0.007494631105280422,0.00329921277026895,-0.0006319586742531967,0.5434174043434667,0.048035109519208474,0.012698947485191877,-0.00017709367464453533,-2.3572092680926106e-5,1.8988030748026766e-7,1.8916522239051967e-8,-3.13080201607304e-10,0.071228239857538,0.1439956913246058,-0.24510960080301722,0.41640635159208167,-0.572585252069289,0.503565453482827,-0.24237048496509486,0.048344667809394955
2.0,1.2429289065224038,-1.4785029881916754,0.15984432005251242,-0.00014183122853214658,-0.028959033991224653,0.07154954436304019,-0.0911540403992888,0.05626442252777622,-0.013168829818697903,-1.7914394072118847,0.019806225661197063,0.0012417726703674425,-0.004713219426238604,0.009909994963962882,-0.01220543331507187,0.007467514343660956,-0.0017433019477746884,0.603121851591698,0.07314660712692651,0.0035179232138916115,0.04495317179364305,-0.11398241445937711,0.145501394040794,-0.09008483214516762,0.02117453400464143,0.12329996455930445,0.015011737012408138,-0.0163919158235774,0.015052025993778011,-0.015360435637227794,0.014216904219232399,-0.00815219486101494,0.001979126226354059
2.0,1.2429289065224038,-1.325954095796233,0.14847654386437115,0.00041821679461406206,-0.001471184508858235,0.0026894777446995334,-0.0026803733139868276,0.0013800394455859945,-0.0002872126517310424,-1.771895633975363,0.019352415343053233,0.00026505334837062213,-0.0005977658552546899,0.0011575518228922616,-0.0012907789642431374,0.0007291909292747303,-0.00016268844327659365,0.6862919153955869,0.09439156380305484,-0.0007172887494041923,0.002454324179638221,-0.004500610587098048,0.004514049084117674,-0.002337598041595027,0.0004887692971288192,0.12963327779073194,0.0023774238929817754,-0.00737879911688242,0.031152949203389804,-0.07389558142972794,0.08909200852984735,-0.05239530947228714,0.011976429713842102
2.0,1.2429289065224038,-1.17910784490919,0.14852553967379273,1.9761021119891386e-6,-6.846091709992978e-6,2.0576537141174087e-5,-2.6245273406651204e-5,1.5917425985668344e-5,-3.730127466517193e-6,-1.7526631338195688,0.0195028611075411,1.3450824360533076e-5,5.042362380537682e-5,-0.00015598490605099494,0.00019909529320593234,-0.00012077148487692625,2.8305387911934532e-5,0.7795190166258712,0.094282836852778,-5.883884188667501e-6,2.9345278988554926e-7,-1.0962803251522323e-8,3.191912906866612e-10,-3.3885538689013294e-12,-8.736149089284738e-13,0.13055657128257855,0.00028091358634734333,0.0008352213237197171,-0.006199850014364993,0.015795878352607054,-0.019623833495734145,0.011831767117622474,-0.002767870329633723
2.0,1.242928906522403,-1.0322599898153884,0.1485270781644026,3.4962702743488504e-5,-0.00016485048230419595,0.00039872528101616195,-0.0004921491061065786,0.0002995303170066084,-7.123150776399175e-5,-1.7333666868206563,0.019542807048618546,-0.00023372452885034648,0.0012138483124907583,-0.0029391918735584984,0.0036277374091991162,-0.00220760902671071,0.000524902974126762,0.8727303615657946,0.09427202182007542,-5.07475818007318e-6,2.531209810706527e-7,-9.460589804128344e-9,2.7859337668166434e-10,-4.513699931774223e-12,-4.5045998221844333e-13,0.13072416158821593,-0.001612376557288633,0.023233647021582145,-0.11886907078012905,0.2874070373489465,-0.35465117509337757,0.21580653908601694,-0.05131161141135314
2.0,1.2429289065224047,-0.8854052213271363,0.1483740917662932,0.0019528474149165126,-0.008245788899469841,0.014503508097194516,-0.01046752762644197,0.002637661424433398,3.909632989570856e-5,-1.7140736081646928,0.020597508506692286,-0.01214008520614974,0.04594013895421133,-0.06296885069610648,0.014950811603519975,0.02097750245579087,-0.010095419820973561,0.9659317670313259,0.09426269987861637,-4.452592536127868e-6,5.665854271215007e-7,-6.851153354136182e-7,5.750717988986471e-7,-2.3058761191400948e-7,3.477425878592793e-8,0.12937529612795787,0.11983111440279268,-1.763658383961768,9.530620932771058,-23.444852063269554,28.106050463352926,-16.218991556447715,3.624119831423414
2.0,1.242928906522403,-0.7383011638052792,0.14931067431552839,0.0001527025561240232,-0.00043227846116506504,0.0003316985243384331,-0.00025131364164752057,0.00011647613891208843,-2.3854333981749502e-5,-1.6969368517314045,0.012321258235488828,-0.001823426454097651,0.0051532649874484115,-0.0034385618440505674,0.0018940787841982233,-0.0007380405937302151,0.00014118960868603062,1.059124581333056,0.09425457624667086,-3.850752048272999e-6,1.80426510310528e-7,-4.548552668291068e-9,-1.8984295364231787e-10,9.339882267750275e-11,-1.603785561646451e-11,0.08234521262461636,-0.024144541643694943,0.10248376281661876,-0.10013439307244856,0.10812969640447907,-0.11031991155112955,0.0692145136235297,-0.01782276659397499
2.0,1.2429289065224047,-0.5907853358977732,0.1493935100730014,-0.007884487191076745,0.04395185403195303,-0.1189917563032107,0.15608026747665715,-0.09517244113975842,0.021991995211452512,-1.6836125653471568,0.016380461462578606,0.002916767846342903,0.00595645003892206,-0.015002649036935642,0.018902264481423226,-0.010755028931806767,0.0022755441581151525,1.152317259629833,0.09348324084983153,0.012251691637852363,-0.07196305317867262,0.19332156436022518,-0.25212800846104444,0.15274253099766064,-0.03510346045170348,0.10914223445883936,0.04968587545174182,0.045014140324941505,-0.19296435673976353,0.44335546438973106,-0.5358133504083529,0.33605836964562963,-0.08606516029083282
2.0,1.2429289065224047,-0.44314494269270227,0.15261765487040285,0.005466370737203438,-0.0006958698372077767,-5.758671005124817e-5,-4.157651401710769e-6,2.2039826348355665e-5,-8.354234317322732e-6,-1.66322943734212,0.025847968510362102,0.005964781910434478,0.00016224440422960723,0.00023022163524585322,-0.0001836039741535926,4.430421912722332e-5,2.061602266626025e-6,1.2439553747570413,0.08586572457540705,-0.011551583971412654,-0.0003187778671316419,2.1462716210961918e-5,3.545124059773839e-7,-1.6117956461693187e-8,-1.527572932200009e-10,0.16856593664990896,0.04363147383950594,0.15958789159565773,-0.5487381255293394,1.0062048789664904,-1.0001861811188633,0.5097593041699389,-0.10425504226418673
2.0,1.242928906522403,-0.2876280256849057,0.16121436235753162,0.0031654819433001745,-0.00077493763423689,-0.00011134201273410138,0.00013191827627246914,-8.231502462879625e-5,2.058686946846745e-5,-1.6315964587680967,0.03839586766006098,0.006714620518374128,0.00011353006825505388,0.00014758799633973882,-0.00027094737347789114,0.00017831820538761193,-4.573690758653266e-5,1.3172711518150393,0.062173516624768214,-0.012368031832502239,-0.00023074891320615357,2.2973694768735007e-5,2.558530219453003e-7,-1.72066290815062e-8,-9.097826301341358e-11,0.233210320352926,0.08921295039508241,-0.1811013225409531,0.7737844678026172,-1.6736671812511708,1.932116291337871,-1.1312630684577545,0.2637514334502725
2.0,1.2429289065224065,-0.1259296613164703,0.16500463338772728,0.001398025683898313,-0.0036532256762458206,0.006297526627511419,-0.007992185979926318,0.004413885935070771,-0.0007796992125422041,-1.5869472067825634,0.05169641339154386,0.01051234267429416,-0.01813887433246452,0.05020744222575118,-0.07793294110597498,0.05807505349978907,-0.01617602517266136,1.3664648460520281,0.03586538241083116,0.005294326963659969,-0.09324603480761783,0.20647395553015185,-0.21054727745243848,0.10486576657038113,-0.020647259706061807,0.3038343649200596,0.14462373844881593,-0.8778177783878058,4.443638466129925,-10.828570161787407,13.269895804552597,-7.879681435719324,1.8026058337831372
2.0,1.242928906522403,0.03691130558550536,0.16364656539016242,-0.008245184495199025,0.035764854944243384,-0.0935329533417159,0.11427090682053993,-0.06579182703323903,0.014337366886498018,-1.5294538268745896,0.06436185088643795,0.014643711147769653,-0.045285773694756185,0.08908160785041969,-0.07499818196864141,0.02565738636688667,-0.0019476865301762943,1.3942438081627977,0.024614086139299704,-0.0015104962671750363,-1.0766998278970874e-6,7.114491113663557e-8,-4.662588439164528e-8,3.17471779157493e-8,-8.652487911247764e-9,0.3756223837890193,0.14183667857996043,-0.25771972048121494,-1.026997409302435,6.0408524132309775,-9.94274473313756,6.847723740400388,-1.7118191119449517
2.0,1.2429289065224083,0.19559472523208266,0.16013279342440906,-0.05341268473904166,0.24060632350044373,-0.5341250369198193,0.6009452878635093,-0.33639642843434103,0.07454514055020281,-1.4588488201358774,0.07762828282364392,0.031666595756556754,-0.0948394615796872,0.19574017649111108,-0.2179519537755197,0.12518796038561988,-0.029056265923647677,1.4171020665056975,0.02162427025050208,-0.001513454360603234,-8.955513519804691e-7,1.989265164461532e-8,-3.1977241882468924e-8,3.671492659939436e-8,-1.1233159785763201e-8,0.46271651036347544,0.3141791400490124,-1.505266359919723,5.254650980399802,-10.375967850048372,11.77856175394658,-7.028614233191564,1.6861506643277968
2.0,1.2429289065224012,0.34626084755961817,0.14295739467346977,0.042749080957615634,-0.21506801626525893,0.466757275605249,-0.5368449463636603,0.3125274669177967,-0.07221799613008216,-1.3716266028864674,0.10245630592138522,-0.05717976969568618,0.28662441748011164,-0.6114012247043332,0.6912951015233325,-0.396837077977459,0.09068690532765242,1.4370015641038383,0.018629017904072953,-0.0015159993568080034,-8.038784733821078e-7,4.1958577446544725e-8,-1.012861515602028e-8,5.2620752143461294e-9,-1.0776469122235824e-9,0.6008950165299605,-0.35701239988959904,3.163663620695575,-9.432161098236353,14.828384559148736,-12.377322690273441,4.939756316812577,-0.67490496905849
2.0,1.2429289065224047,0.48554443505291917,0.137828506431267,-0.012433288647380454,0.00012058265793531187,0.03579064794260011,-0.09657723937328688,0.0926698712459659,-0.029808743270479617,-1.2672148370420182,0.11083328302705382,0.0074488381538219935,0.021871255050586253,-0.05404414589999678,0.06957494059117093,-0.045050354298042106,0.011204305474893485,1.4539372978804412,0.015629078903203596,-0.0015181679897858546,-7.437958138199066e-7,2.1516206255194262e-7,-2.3721334279947206e-7,1.5089142668935073e-7,-3.7022413882446986e-8,0.6809156933303155,-0.06364012208315947,2.870968594351345,-13.544930394738302,30.73650774451265,-35.62898163867683,20.235086787625693,-4.460158122750707
2.0,1.2429289065224012,0.6118034552887277,0.12090001871955235,0.01716054168255482,-0.21134333450787457,0.5860131841371495,-0.7432761817972443,0.44463511481604284,-0.10191431574112927,-1.1469135266701542,0.13584884491022342,-0.06302602258197647,0.3392104687529642,-0.77504361864853,0.8938477843400214,-0.5060878498265131,0.11194716611703645,1.4679050039484232,0.012625174154809073,-0.0015195753751582452,-2.440510705624843e-6,3.835115392136997e-6,-3.3996129520987916e-6,1.4334615515753004e-6,-2.29617684149125e-7,0.8214729542028244,-0.19019437161040356,3.9233000901136834,-14.378260823244602,21.99856245315785,-14.45250691469405,2.76616178995137,0.4592349883963094
2.0,1.2429289065224047,0.7226886520571274,0.11224984072601993,-0.11697533454494632,0.5289416554835632,-1.100264405926553,1.1344265031511804,-0.5714523364524225,0.11220256137289934,-1.011884214672579,0.1476605999762433,-0.05834102045749657,0.28846006431366056,-0.6181891807441784,0.6854024192032881,-0.38251639507675356,0.08506647563251139,1.478901244493355,0.009618438023403793,-0.0015211806470047076,-4.584431529916886e-7,1.5807742692733755e-7,-2.2928644747260374e-7,1.6622933631719272e-7,-4.2905737104057e-8,0.9553926931648808,-0.5967230778130687,8.427674300420927,-43.32882105953544,105.84977592661244,-130.8852942301095,79.2927465919017,-18.70199986628028
2.0,1.2429289065224047,0.8207651848203291,0.09887946492449717,-0.09651786346960994,0.4283958241851515,-0.973777806906181,1.1471860455574636,-0.6746094046138714,0.15646270799490025,-0.8660463689775106,0.14700788971780424,0.056102758713654076,-0.2445057703580808,0.5488879689217989,-0.6404941117610272,0.37361822457531035,-0.08605361178093343,1.4869235617615102,0.006609302987781483,-0.0015222314304652476,-6.30731407930895e-7,7.46047179907638e-7,-7.523074184493094e-7,3.6075941958249267e-7,-5.567153270746027e-8,1.0023994683905246,0.9528483628363009,-7.89789071835235,30.45734112943844,-59.8008958367697,62.53146600383316,-33.09299116350493,6.955971576023693
2.0,1.2429289065224012,0.9059572369160026,0.0724994716669272,0.06271689090573233,-0.25112868405261224,0.4455369984608787,-0.40518805345189446,0.17959782851074227,-0.030310496070959203,-0.7133051836076274,0.16138558186820384,-0.0277923350838482,0.10780825689620803,-0.18178893740973073,0.1534533502146326,-0.060397880237690195,0.008243153071063391,1.4919705077232603,0.0035353704037144325,-0.0005779150107237305,-0.005355375502969461,0.014355602081713775,-0.019426849670106904,0.01269694339885035,-0.003135046579732498,1.118400743071558,0.22832985383689625,-5.243733016074097,31.419219123711816,-79.33239974174914,98.34434420603421,-59.13502758612364,13.795522777925797
2.0,1.2429289065224083,0.9789470274928973,0.06506590286971152,0.00437160519807434,-0.05024542152101612,0.14774490017992717,-0.20847790538296637,0.13828684156916382,-0.0347850516313638,-0.5542233128744622,0.1632236971482354,0.021190698973903303,-0.08042801788814048,0.15296105777756683,-0.15371623164825363,0.07923472344260447,-0.01649092039501352,1.494053087460334,0.0008496263249941148,1.937360186662029e-5,-6.900604355865878e-5,0.00012828725745838538,-0.00013026740726131115,6.81867102824155e-5,-1.438951610960648e-5,1.1936538850794607,0.061594514787450726,-0.10422590652615696,-0.025169927760816863,0.2668141294843484,0.1610283879633725,-0.5881512152187108,0.27267308773230586
2.0,1.2429289065224012,1.0402457053423573,0.05760186362873699,0.013385890676589126,-0.1181881491743655,0.29324330755785877,-0.3466076169683433,0.19870679358916096,-0.0444673868922316,-0.39014787440150894,0.16733377206646918,0.005451062350131202,-0.011941513550507987,0.015413842800322819,-0.010867758798560187,0.004050577137628523,-0.0006387823857264151,1.4948952730514953,0.000851592618986372,-3.502619856258979e-7,-1.0461473166039755e-8,1.6926215312965765e-8,-1.4339387010236209e-8,7.0107857957891166e-9,-1.414645383537224e-9,1.2432324362524536,-0.2665138259786881,3.140878988547241,-11.26911097092865,19.349112692491243,-17.226320160516718,7.61806038830447,-1.3094516976688804
2.0,1.2429289065224012,1.0933373979512229,0.05188930705954108,-0.013794231615754144,0.0499915745248479,-0.10673926485903404,0.11670546617656566,-0.0639084919977212,0.01416505679215015,-0.22325516405321308,0.16905221558591982,0.006823477221420488,-0.030299346737540835,0.07311837317974615,-0.09094297785759022,0.05612128483032872,-0.01356937928828984,1.495736892467016,0.0008508967239246064,-3.477949842477943e-7,2.3694135266485626e-9,5.725665842260909e-9,-5.5518334827599055e-9,3.076701600249495e-9,-6.55998289619672e-10,1.2783456377136706,0.017985847252197484,0.2960860945884973,-1.658681662794907,3.9858480345229466,-4.660901789117519,2.624190028772005,-0.5774892445929892
2.0,1.2429289065224012,1.1411556758559709,0.044914231055233476,0.01970745587174061,-0.059998737873601105,0.10412385525182846,-0.09569671361388007,0.04399272115916256,-0.007891515626258434,-0.05488942205514455,0.1703515373432382,0.017931491083623092,-0.08919675744386833,0.18882052088456475,-0.20172409223949203,0.10652652023500196,-0.022123145875004517,1.4965778332948096,0.0008502245663224648,-3.285624770486015e-7,6.431098905302683e-9,-3.796074333292214e-9,9.253758160904427e-9,-7.0556928435048655e-9,1.872917561128829e-9,1.2984862322897144,0.2214206787958829,-2.4382119668960405,9.614300465391521,-18.88814175512392,19.621483026723087,-10.295096939807477,2.1449918698714865
2.0,1.2429289065224083,1.1897231403286743,0.051451085340909114,-0.009788304590179587,0.08645397031741692,-0.21846191840661508,0.27183133745770927,-0.16274858047768387,0.037654160868874596,0.11379218146199588,0.16875244174263634,0.011341172732209047,-0.05508107842558775,0.1153036923103411,-0.1280853639716137,0.07158146413257373,-0.01585733040298946,1.497418130047416,0.0008495955391217504,-3.067199637696676e-7,1.1845212188062112e-8,-7.71686773425378e-9,9.171957406298935e-9,-5.305766705196519e-9,1.2079688601153921e-9,1.2814382279606915,-0.027353085023985618,-0.42806695769371417,1.385411209281563,-1.2814474256489614,-0.8210091580029174,1.7830968319047054,-0.6886676340506663
2.0,1.2429289065224012,1.2453872107222157,0.065381262204891,-0.028021014971212888,0.20477740602012334,-0.49341031872388785,0.5855471816615303,-0.33667556010416105,0.07527350276256953,0.2798629116869712,0.16455137952461366,0.018102551231536864,-0.12147808786385743,0.28963331340199305,-0.3415168740654091,0.19571173157699467,-0.04372556396350948,1.4982578286676949,0.0008490154884244047,-2.7926745226302417e-7,5.319636486159023e-9,6.052266485242631e-9,-5.1216858788181e-9,2.157976093441039e-9,-3.529692274562733e-10,1.195216337582692,0.35704030803690556,-4.36511652344859,15.853894534677982,-27.88552226261347,25.394317863733484,-11.55055441028333,2.073429545110736
2.0,1.2429289065224047,1.3174062440361884,0.07593599564993518,0.1163138198655933,-0.4829701587172448,1.0527670553986344,-1.1286604423751705,0.566656434781545,-0.10564985391164962,0.4395404426250563,0.14481122554766773,0.13071067568719846,-0.6544614732067197,1.4364378090419603,-1.5555560819889622,0.792497572911605,-0.1507953464945228,1.499096752898835,0.0008766251179707216,-0.0005006808636615646,0.003243613571326859,-0.009738417668120546,0.01454197917038355,-0.010359315857457127,0.002753137389456159,1.0757460062534303,-0.1770012740435267,-4.7914053593297204e-14,1.4329019165274106e-13,-2.057359034932526e-13,1.4990104873214575e-13,-5.3236944168091716e-14,7.36342559343695e-15
2.0,1.2429289065224047,1.4105743055451305,0.08713826418734229,0.01781600342220437,-0.03261636810139653,0.06475681693485497,-0.06928501152540484,0.03760170329817973,-0.008148705339026771,0.5816275741052267,0.10991540075498799,0.0029162330884489286,-0.043619045240605746,0.08672618618188864,-0.09273242532110687,0.050326851869921516,-0.010906410015195296,1.499906724254714,0.0005933241960487898,-0.002730849513126957,0.006513538684569586,-0.008704707557020455,0.006573584258523125,-0.0026139771715708326,0.0004240509248438981,0.9007460062534292,-0.17700127404352536,-6.2854793992286e-14,2.2421316879126537e-13,-3.824571442367752e-13,3.445382051048712e-13,-1.6074438068562625e-13,3.112728944255126e-14
2.0,0.3389806108697506,1.5066406086561042,0.10591820090645322,0.008317270289811617,-0.0005531950492336303,-2.0617877222881475e-5,-3.5756750836919394e-6,8.860654622753834e-6,-6.893017475823482e-6,0.6831959659670261,0.09397969620178075,-0.009373822056800778,-0.000490837105071812,2.540701805733462e-5,-3.016814514363341e-6,7.513349159728068e-6,-5.886681889709195e-6,1.499961745189178,5.395296310371717e-6,-4.077283690592499e-7,1.1538421408468166e-8,2.4533546987594353e-9,8.909439679694377e-10,-2.7793084885777122e-9,2.2047682682756096e-9,0.7257460062534316,-0.17700127404353327,-6.044823603864781e-13,9.347165248835724e-12,-5.461708414681818e-11,1.388843980413635e-10,-1.22638576006599e-10,-1.7735417559302716e-11
3.0,1.242928906522404,-2.0999999698809857,0.14159864644979095,3.251525144738977e-5,-0.00017105801415959253,0.0004322977458952142,-0.0005622930278158497,0.00036260188265602357,-9.172193071414571e-5,-0.5999980799201555,-0.00014960650594124917,0.0020325900214270445,-0.010601794829651567,0.026556436594312467,-0.0342244190672912,0.02185760129222159,-0.005473179042032221,0.4999972707644473,0.0002217193005285865,-0.003108739008324428,0.016719315208562603,-0.04319094510054209,0.057432026785693674,-0.03786909794045265,0.009796917876170373,0.0003353538289326846,-0.026759745315368826,0.3700602523229268,-1.9631900427333293,5.0008117423721945,-6.553817520287616,4.256745713009333,-1.0841185741286135
3.0,1.242928906522404,-1.9597222572924873,0.11779319870454238,0.331540678381908,-1.679594061816876,3.8510732798173324,-4.304656073109187,2.335328152734552,-0.49455255383729824,-0.6000107551072265,0.0006254282553473697,-0.007122072248566274,0.04435816447529359,-0.16081573857787138,0.20812253703784828,-0.12273464064559235,0.027774900964967184,0.49998979094016804,0.0013957245759078818,-0.025038696169224113,0.14336775712951375,-0.2976953542150505,0.32156224766550223,-0.17637185731793212,0.03865674035063438,-0.0010156358138222372,0.040938762025951474,0.06333065927179349,-3.0644764940123213,8.448739487695967,-10.01284851432102,5.558975873064262,-1.177424066528498
3.0,1.2429289065224043,-1.8047928450820214,0.17488001229289776,-0.002633750279261555,0.0031277554592721852,-0.0015307958997453804,-0.0002990576972047691,0.0005652522835966619,-0.00014895828562352885,-0.6095241568228581,-0.023934371286827887,-0.02909008161822124,0.06159709449100007,-0.07132742506280822,0.04426631392627119,-0.013023885943478976,0.0012020993411031727,0.5057344658715726,0.010646587046362182,0.002274323886287754,-0.0005390813260400692,-9.494629032116874e-5,0.0001322378234005539,-4.777544383367276e-5,6.790044536126677e-6,-0.14053593339924195,-0.19261861434107055,-0.17122378417187792,3.1490464039476906,-8.34778153943885,9.946429902071651,-5.688478481734787,1.2686045462767113
3.0,1.2429289065224038,-1.632796663489581,0.17371797458931487,6.425446521516737e-5,-0.000482086271951682,0.0011310540871509547,-0.0013547122783414778,0.0007867871618324635,-0.00017405048244822417,-0.6394804149819693,-0.03109697898457355,0.0008237771221826677,-0.003378162019584458,0.007849420938870363,-0.009606674546371837,0.005754442664335734,-0.0013279598777156776,0.5179587104018524,0.013601260936183754,0.0008463525142186586,-0.00031771148973278696,8.731799105750943e-5,-1.3046186383164968e-5,-1.1731334292979763e-6,7.169381743367421e-7,-0.17693601770309472,-0.0072843732608008395,0.15358652506370304,-0.8526318562662272,2.185820137990243,-2.8812375008323183,1.8829479011382517,-0.48118601173504566
3.0,1.2429289065224038,-1.4610806022487741,0.1741833569747098,-0.004546231824170995,0.010906075989224865,-0.0009324036778868498,-0.025547115079779126,0.026708676591936722,-0.008142602183733846,-0.6701163044638534,-0.031138020125383997,0.005733559864960085,-0.03892770277170583,0.10454049920471681,-0.15502361784709376,0.10484973742788349,-0.026295423194909167,0.5319971337635084,0.01461601134463833,0.0002938320997822105,-0.0001351198590089004,0.00010782917158871851,-5.152177645765674e-5,1.9830105350480186e-5,-3.7527767337555996e-6,-0.17981976156479862,0.17147275330650838,-1.8652832256335596,7.952905324047324,-17.165668726530814,18.81925972191914,-10.169131387060379,2.1588938992450992
3.0,1.2429289065224038,-1.2903604349066402,0.1697172871265424,-0.004262641976230303,-0.0008894591047949871,9.92802317028328e-6,1.756300552635457e-6,-1.0661662385591019e-7,9.01684966491398e-9,-0.7058214826895775,-0.04794485184561858,-0.01501458045032545,0.0002537489755125145,4.011417622861876e-5,-3.014489961366102e-7,-4.441754272676565e-8,5.887721400710514e-9,0.5466739425323461,0.015059367357036182,0.00023724103950328122,4.501622594483784e-5,1.6840349623285826e-5,-4.158861097224383e-6,1.3056280149424364e-6,-1.39295574131396e-7,-0.27532390635363063,-0.1770012740435335,6.934641865999674e-15,-9.04625380081874e-15,-4.15310332754285e-15,1.4790646604238284e-14,-7.58448485663698e-15,3.9543977408570076e-16
3.0,1.2429289065224038,-1.1275004678057872,0.1527448163966696,0.07430261722533625,-0.4234359067806181,1.0574889119495445,-1.3617907096603576,0.8693389288494239,-0.2176631916649682,-0.767679637412064,-0.0719448036657877,-0.07902439397457117,0.33894044537995394,-0.8470140617557684,1.0907487152680664,-0.6962665361403242,0.1743184129024114,0.5617442818290088,0.024060421485037804,-0.11278358262833689,0.5898828000306106,-1.4757852423514006,1.9004586035880118,-1.2131826196640856,0.30374681050846863,-0.45078311736026044,-0.14131518310924623,-0.48401936917240174,2.5211776244457553,-6.308570626726365,8.123860126865985,-5.1859706047875935,1.298419398907863
3.0,1.242928906522403,-0.9782100142561836,0.135370289354652,0.27290728645474865,-2.0668856850223563,4.937290519726537,-5.6479196175655195,3.159004921497658,-0.6941461535913448,-0.8567247419592738,-0.09441005471477999,-0.26931594439559026,1.7488127539683482,-3.9943854575391726,4.478034715997982,-2.4757403149967683,0.5398817144040454,0.5780403449955823,0.029112585773368064,-0.4127096334314933,2.943430287940254,-6.9147487939970995,7.851291908633609,-4.372793097021261,0.9582036129903662,-0.6248194293716595,-0.12450495218051334,-1.771192549732091,12.5918866411954,-29.56036928570596,33.553572132917196,-18.68437241188716,4.093796512927671
3.0,1.2429289065224047,-0.8831107518666875,0.06308926762929579,0.3285107841286037,-1.7133459078577427,4.313840255917244,-5.5375884134261675,3.4826931163760397,-0.8465131206918405,-0.9235037252326965,-0.04216929024370364,-0.10840660631936687,0.6141616555844419,-1.5473553339521935,1.9882747045414118,-1.25204518222661,0.30482153727814143,0.658041756385998,0.13409753760226714,-0.46579451636251085,2.4349634490531438,-6.065357836667754,7.699206831096473,-4.7851329939543055,1.1479249509819591,-0.5290207835181252,0.18121261018135765,-0.05960571398859631,0.3207117762129987,-0.821207030698871,1.0710543639703605,-0.684150118061985,0.1688865762676788
3.0,1.242928906522403,-0.7951395791963976,0.1448510424369534,0.009277343610969161,0.1653084921636281,-0.416167245374445,0.4410528658005724,-0.22142528397982128,0.043156051723413545,-0.9652413585472639,-0.05266112853782,0.001127582932427684,-0.015685905609778297,0.062166983757027595,-0.06727045321686509,0.031471684370564815,-0.00538140717444218,0.7584948945064638,0.06895416197897664,-0.5208817036759561,1.8691772711828456,-3.5028497412716795,3.576084062593104,-1.8791049075434314,0.3977083982877272,-0.35374244550085826,0.16062074882739386,0.10129260129066055,-0.5697121900001364,1.2766520036655007,-1.4296408762566017,0.7978579706557627,-0.17680807109843452
3.0,1.2429289065224047,-0.6312458260480174,0.20099581756841414,-0.47848199219794835,2.8781340882812736,-7.522551190737854,9.26221234418403,-5.436481118476207,1.2319367249874156,-1.0110767214832832,-0.037073953648574395,0.06536043544965403,-0.3165331529517874,0.8487097747380968,-1.0686282467555417,0.6373424496346234,-0.1461210294398255,0.7675776721180259,-0.017236392407718907,0.5202496106862461,-3.0893070633461908,8.098819006468617,-10.000601312943278,5.882248910756639,-1.335025899201351,-0.19529422993053402,0.15846919305688628,0.09691529512272144,-0.6388703352153428,1.6997953450466359,-2.1022199274663715,1.2354174366744943,-0.2800217658004845
3.0,1.2429289065224047,-0.496850515304586,0.09924751641002535,0.012951634413175506,-0.06845653205138624,0.1571315816753213,-0.16658994562751075,0.08591893749413498,-0.01748318672038224,-1.0279567995030081,-0.002824751425325952,0.00947406051520209,-0.0028173605347777,0.005213766077578675,-0.003841689196906908,0.0013904369546483247,-0.00019172583743106653,0.825854949949218,0.10097732757718268,-0.012766849773205385,0.0677993145346414,-0.15550864583171803,0.1631790363326369,-0.08361608284216368,0.016929952815739318,-0.02775472220542797,0.1770012740435246,7.024225618201883e-14,-2.3418389631889683e-13,3.402211417906206e-13,-2.0013121393545492e-13,1.3966066546087438e-14,1.7532635126291025e-14
3.0,1.242928906522403,-0.3955907340631894,0.12970351211304998,-0.3110281532499646,1.7580591604904368,-4.548839866835597,5.851491186952126,-3.601335647165643,0.8482681529631053,-1.0218062436981779,0.02233476902722063,-0.08223029345099113,0.5154207622448587,-1.328881011749499,1.7069077482343626,-1.0491270738427216,0.2468082822407276,0.9221154191782839,0.06284721789798789,0.4029428281567945,-2.3466293492365993,6.199744468119552,-8.12682526377562,5.084504962900575,-1.214763657767039,0.14747479820954487,0.15666381007214952,0.29731981286076753,-1.6251077015566797,4.1486831819184635,-5.2781336748890055,3.217823628113594,-0.7517690354035109
3.0,1.2429289065224065,-0.2712050495109207,0.16841627949819032,-0.0037882567982386213,-0.0009511382670219332,0.00013759381408066882,-8.224493870430533e-5,3.3988779039575044e-5,-5.1006958637020455e-6,-0.9911944921740975,0.054222202675492916,0.010795589035160789,-6.944445849547689e-5,-0.0003936097868701136,0.0002416030618627154,-9.075334379796014e-5,1.3114148413772191e-5,0.9840380143031109,0.00502860600165736,0.01056249635037375,-1.1293207974306225e-5,-1.2566744480293227e-5,5.089307077534945e-9,6.048819182341232e-9,3.498745906276168e-11,0.3114693041325339,0.12938659102973554,0.0036168005946150186,-0.006439967858219183,0.0050883807149347295,-0.0018470561127071918,-0.00010539816140543261,0.00019142186766160876
3.0,1.242928906522403,-0.10923387400039121,0.1584001233328767,-0.005879104078255836,-0.0017706888170374439,0.0010230719550471746,0.0005482827426189985,-0.0012313458627893194,0.0004601415114147612,-0.9273211349349569,0.07462511578112484,0.009047993167239345,0.0010109465153151688,-0.0012746489955167697,-0.0014697816160812842,0.002427882598748359,-0.0008646511063668545,0.9993118479953161,0.025833107724311234,0.010455431381195679,-6.082399384106662e-5,-1.2452865027815093e-5,4.323693608193977e-8,4.6055162562235064e-9,3.939085618437245e-10,0.439712868856159,0.14429326239940368,-0.20348984484994112,0.9968872868789113,-2.2726573805815713,2.5832554433572175,-1.421713241594322,0.30160886829963235
3.0,1.2429289065224083,0.0406849608334194,0.14426543814881146,-0.009456272491807643,0.005302455995761394,-0.011695661556122965,0.012229788736372689,-0.006395502924900574,0.0013325377247227937,-0.8448515559540054,0.09152823032882056,0.00955592490692069,-0.009209514106141728,0.01694242275530089,-0.017641383189910972,0.009216924106217116,-0.0019181693977664755,1.0350025728478127,0.04628126602027688,0.010202477151544816,-0.00010954686412330169,-1.2160654079862472e-5,7.927531641798848e-8,4.518058007956942e-9,2.9535353943203357e-10,0.5661258042807635,0.14849845745527815,-0.19063075878925784,0.5976609082817055,-0.9294076652008739,0.7571876157489461,-0.30918601936806106,0.04962052683678502
3.0,1.2429289065224012,0.17477731261785245,0.13133686794253763,-0.07112553033645957,0.3202493600586798,-0.7935771915385427,1.0022118737641952,-0.619825794716557,0.1478775482808056,-0.7476175861359957,0.10908826806987768,-0.05956041962021666,0.3348981302222083,-0.8295532263646945,1.0437393517782427,-0.642856533138001,0.1528603016574044,1.0904585916984195,0.07842077613311975,-0.15725902006387718,0.8629029496756361,-2.1239565070663007,2.6618805736140523,-1.6315304918593125,0.38524124163559814,0.6883853514663308,0.1291666602916593,-0.09447048205619257,0.4860763302576874,-1.2683303668098511,1.6084041900332853,-0.9525341046136904,0.21459275256744464
3.0,1.2429289065224047,0.2908509941020566,0.10679623833018594,-0.11413589509170906,0.36912185183287644,-0.6844316914888514,0.6928302497366444,-0.36177670345947227,0.07620144538869059,-0.640129594941328,0.11219682600699313,-0.10731482620763172,0.403960000265583,-0.7489868947317825,0.7583216710802955,-0.39605467860290033,0.08343475577517297,1.1655416377938268,0.08550735058818756,-0.2843362272384178,0.9789494144881833,-1.811686984275397,1.833438086162736,-0.9572059115671793,0.20158984312640027,0.8121516308952273,0.06589037784764949,0.81153321480436,-2.8101145189845336,5.185683257408026,-5.23682493826594,2.729620088029871,-0.5741286047738047
3.0,1.2429289065224012,0.3744932578766274,0.08281948014046331,-0.11189560716059115,0.5139884282631692,-1.2115801165590712,1.4275092245041126,-0.8097659263513034,0.17657404545611818,-0.5360718152075472,0.1286884375102415,-0.20794066923680302,1.0771428225862965,-2.526855612510104,2.9609823067991266,-1.66872591925534,0.36138995690731684,1.2112191824837581,0.04663528981688196,-0.06802257539575585,0.32780049883818174,-0.7707500696983889,0.9062356977967212,-0.5131405119491441,0.1117293731048829,0.9819322078702811,0.17700127404352484,1.1920454499025334e-14,8.796134606355702e-14,-3.5557761824267583e-13,5.206528971174365e-13,-3.443839001900269e-13,8.625852654956544e-14
3.0,1.2429289065224047,0.4414699613600804,0.06885869141671327,-0.013417975034642794,-0.0005332983969800446,5.206754006768066e-5,3.096695456177158e-8,-1.0870118838812027e-7,1.360651887008273e-8,-0.41294050360807816,0.15677029572907847,0.007132898758899233,-0.0008812931804620847,-2.1678904080321022e-5,2.314476496176925e-6,-1.703208415100348e-8,-1.6674164553735604e-8,1.2512663486134115,0.04484423889650391,-0.0043323447411186345,0.00018763549507130707,-5.599060416220429e-6,-1.1103020656386046e-6,1.9448931621626532e-7,-1.4014506661727486e-8,1.156932207870279,0.17700127404353977,-6.892718838045168e-15,-1.1094302486251723e-13,4.280963259612636e-13,-6.339379654376405e-13,4.245066044935546e-13,-1.0707565626427933e-13
3.0,1.2429289065224047,0.49596811173413335,0.04096301021366275,-0.014693568336185438,-0.00033786266622316065,7.286709203385367e-5,-2.6696109677834245e-5,1.5487526813547283e-5,-3.4955423372249347e-6,-0.2518404970081026,0.16821559779137882,0.004436377233997973,-0.0010534944824771278,0.00022806841558245736,-0.0002578768011095842,0.00012986741016311835,-2.21083775097356e-5,1.2915435895805416,0.036812293427698636,-0.003947954442447547,0.0007750505375543111,-0.001358605643260112,0.0014434647593938941,-0.0007018068549813967,0.00011207354531164798,1.3319322078702784,0.17700127404355578,-1.8203480694449502e-13,7.264677405639778e-13,-1.5540428735333663e-12,1.8069415932639376e-12,-1.0718288223362381e-12,2.531712644120434e-13
3.0,1.2429289065224012,0.5218339167121805,0.01113513889845172,-0.015355494822159362,-0.00021986047453804872,0.0002625146694618208,-0.00027898621019600215,0.00017711134205307034,-4.2316838744123464e-5,-0.08213327511491937,0.17414445385378086,0.0014922542825410083,-0.0002420955622777658,-0.001969218598029179,0.0026318896340253397,-0.0017087118082033882,0.0004216555705169171,1.3243437011179056,0.029633854406896223,-0.002743011439891403,-0.00555553713168962,0.015062239679325636,-0.02010348093884721,0.013021856247575162,-0.003198397510770283,1.5069322078702774,0.1770012740435639,-1.3603521486277842e-13,2.7558681907265135e-13,-2.420050699226638e-13,2.1050145269549305e-14,9.147182198580064e-14,-3.850452284385853e-14
3.0,1.2429289065224083,0.5177340613226769,-0.019464202558837025,-0.015461163315881382,7.679926798624637e-5,4.658199611319177e-5,-3.285551109660322e-6,1.326613524578516e-6,-2.777256250090395e-7,0.09066515132518792,0.17441699493835383,-0.001495989147727976,-0.0009368440948974413,-7.349936147182905e-6,1.7047121133956562e-5,-8.323626633038771e-6,1.7519531072723695e-6,1.3502008030224741,0.023006548698822443,-0.0017379560638625536,8.224177792273869e-5,0.00010594019634920682,-0.00012936480562873704,6.777715257761497e-5,-1.4273615560126706e-5,1.681932207870284,0.17700127404353302,-1.5228964549685e-13,8.290658671159589e-13,-1.8680163437142124e-12,2.0975626081014506e-12,-1.1636015529111914e-12,2.543818688988591e-13
3.0,1.2429289065224012,0.4835027682259991,-0.04983536989913812,-0.019312122200923754,0.06101835588882792,-0.2424025087988625,0.39840853952602895,-0.27589359572146666,0.06935997676428057,0.2607492210079077,0.16864573461724627,-0.005914986208783732,0.023251262563732115,-0.09695677841178639,0.15979103843402817,-0.11077635598613028,0.02786428093674593,1.3713569776882129,0.01989331551675269,-0.0014319723964092024,4.8873885723553364e-5,3.429277615165155e-5,-7.625041413555298e-5,5.079797127483867e-5,-1.1699763886249724e-5,1.8540204177624393,0.41608164281913657,-3.2314292668427536,15.933455859782178,-35.60937029769866,38.80421961864931,-20.534751240698892,4.244025716493045
3.0,1.2429289065224012,0.42542405169949654,-0.05342986144242621,0.014817093966937592,0.00029641774313376144,-3.962545807352437e-5,-5.598092127871431e-7,5.7278256199301526e-8,-3.52982914825684e-11,0.42474507232987274,0.1678671582086056,0.004851913896983124,-0.000880935469531278,-1.3856823655399599e-5,1.5136178088685529e-6,2.095074899948189e-8,-2.9207816309258433e-9,1.3896702041788034,0.017184822360040947,-0.001326853541617436,2.827281779904051e-5,5.13424367979981e-6,-2.33535882675329e-7,-5.350110736097039e-8,5.488658928680345e-9,1.8789442236092742,-0.17700127404355293,1.3928018113130084e-13,-4.305625437558443e-13,6.858905370571683e-13,-5.87293287115052e-13,2.5558247914146237e-13,-4.38861264151802e-14
3.0,1.2429289065224012,0.38733036311651614,-0.023417012056896263,0.01545929594177139,0.00013534165467040635,-4.155377111432055e-5,-2.2174224696314128e-7,5.728596619160064e-8,-1.0791289221760145e-9,0.5945938643062241,0.1748316498119476,0.0021725877809600164,-0.0009206323157014468,-6.167470020495957e-6,1.5809000691827962e-6,-8.520508556565962e-10,-1.5760066650585253e-9,1.4053956716026783,0.014662495910739261,-0.00121579615003563,4.5443391563281445e-5,3.3831569873544604e-6,-4.4177688582265736e-7,-1.216335910703543e-8,4.3188701986270444e-9,1.7039442236092732,-0.1770012740435441,4.456477391375158e-14,-1.0644271175265087e-14,-1.4518078143674265e-13,2.1309445597330306e-13,-1.054977262917735e-13,1.521036756969854e-14
3.0,1.2429289065224083,0.379380745850776,0.007387510172769276,0.015615670267154437,-3.00905720352345e-5,-4.184631455616036e-5,9.578434705705604e-8,4.95987322123671e-8,-1.1017696577560879e-9,0.7686783491224649,0.17641159682139979,-0.0005790188463516016,-0.000929639826885153,1.5835346767228562e-6,1.5418172572542285e-6,-1.1107904207488673e-8,-1.0081998527059672e-9,1.4187506539169255,0.012402588686770438,-0.001065523075233761,5.441341694550978e-5,1.1689268150893178e-6,-4.29157050606333e-7,2.030139883679093e-8,1.2536255841705066e-9,1.5289442236092734,-0.1770012740435063,-1.9477040038518252e-13,6.681196622772747e-13,-1.2104831570972417e-12,1.1938426311767733e-12,-6.029697598764334e-13,1.215487697645706e-13
3.0,1.2429289065224012,0.40188034531138894,0.03801645007974817,0.01528260093232762,-0.00019372207151425783,-4.0689454200048757e-5,3.7497534106189193e-7,3.790926455958303e-8,1.6207080755855471e-10,0.9416338361288762,0.17255386122033733,-0.003312396990529352,-0.0009085497408568733,8.999335287253465e-6,1.4650524565693623e-6,-2.2095100172182888e-8,5.078107667264385e-10,1.4300247677430822,0.0104577988511012,-0.0009011042818713582,5.527489344575168e-5,-6.108272177680492e-7,-2.8595991733951973e-7,2.985604597410911e-8,-9.326843109302997e-10,1.3539442236092736,-0.17700127404351768,-1.275656322819408e-13,4.596766139412305e-13,-8.545278801055685e-13,8.77122789166564e-13,-4.737474240934069e-13,1.048074736100052e-13
3.0,1.2429289065224047,0.45418024418780883,0.06751003745774438,0.014510944016856766,-0.0005520889289035264,0.00047937863395716067,-0.0006735244733645411,0.0004274970040086189,-0.00010368675831441899,1.108130723493667,0.16337723748610494,-0.005883086614635979,-0.0011703880512635243,0.0008172723194070749,-0.001046310465815273,0.0006672310858741262,-0.00016270799272564618,1.4395346437604433,0.008953687661275547,-0.002431943764213087,0.009150735075031884,-0.023310886573309035,0.03031843573266466,-0.019200929696689087,0.0046511796371883464,1.1789442236092744,-0.17700127404351926,-1.4473503868394672e-13,5.875721672733929e-13,-1.1817881271526348e-12,1.2644342938507052e-12,-6.915325961230803e-13,1.5211190644161097e-13
3.0,1.2429289065224047,0.5347033660120252,0.0949626468313946,0.013296841061673366,-0.0006986782196624159,0.0002454042966732252,-0.00021789982495485619,9.052171240225525e-5,-1.5395973076907985e-5,1.2630441829933687,0.14918684050108358,-0.008261384461148855,-0.0011102199956485148,0.00048559061283789555,-0.0003704892070555767,0.00015832848360093215,-2.7823948790612985e-5,1.4475831572548952,0.007421275216393071,-0.004345508665872251,0.009590939046797252,-0.013066827222504256,0.010110179313822649,-0.004139174718174693,0.0006956591602983675,1.0039442236092724,-0.1770012740435143,-1.3796569176232697e-13,4.813071304072829e-13,-8.649140113127843e-13,8.458500920840091e-13,-4.307849551010047e-13,8.976818079593129e-14
3.0,0.3389806108697506,0.641013891097992,0.11952684156426989,0.011550230721136576,-0.0006238175230188269,-2.902724427778032e-5,-4.08997805944285e-6,1.01308847580098e-5,-7.87588335919061e-6,1.4016317979926798,0.13041783230610798,-0.010569288118859543,-0.0006827616243561322,2.894903751288774e-5,-4.262573065154641e-6,1.061144193866831e-5,-8.309041290279551e-6,1.4537839842408646,0.005828731929784932,-0.00036660182728561315,1.13833856345821e-5,7.023283955862785e-7,7.065972289007595e-7,-1.7733968437277238e-6,1.4088309445690435e-6,0.8289442236092748,-0.17700127404351526,-1.0520203646253614e-12,1.4754519921812012e-11,-8.998218254325087e-11,2.667572266274243e-10,-3.628900559822984e-10,1.6520640552521704e-10
