pos_z,time,pos_y,heading,agent_id,pos_x
0.5,0.0,0.0,0.0,1,-1.0
0.5,0.0,-0.4,0.0,2,-1.6
0.5,0.0,0.4,0.0,3,-1.6
0.5,0.0025000000000000014,0.0,0.0,1,-0.995
0.5,0.0025000000000000014,-0.4,0.0,2,-1.5950000000000002
0.5,0.0025000000000000014,0.4,0.0,3,-1.5950000000000002
0.5,0.005000000000000003,0.0,0.0,1,-0.99
0.5,0.005000000000000003,-0.4,0.0,2,-1.5900000000000003
0.5,0.005000000000000003,0.4,0.0,3,-1.5900000000000003
0.5,0.007500000000000003,0.0,0.0,1,-0.985
0.5,0.007500000000000003,-0.4,0.0,2,-1.5850000000000002
0.5,0.007500000000000003,0.4,0.0,3,-1.5850000000000002
0.5,0.010000000000000005,0.0,0.0,1,-0.98
0.5,0.010000000000000005,-0.4,0.0,2,-1.5800000000000003
0.5,0.010000000000000005,0.4,0.0,3,-1.5800000000000003
0.5,0.012500000000000006,0.0,0.0,1,-0.9750000000000001
0.5,0.012500000000000006,-0.4,0.0,2,-1.5750000000000004
0.5,0.012500000000000006,0.4,0.0,3,-1.5750000000000004
0.5,0.015000000000000006,0.0,0.0,1,-0.97
0.5,0.015000000000000006,-0.4,0.0,2,-1.5700000000000003
0.5,0.015000000000000006,0.4,0.0,3,-1.5700000000000003
0.5,0.01750000000000001,0.0,0.0,1,-0.965
0.5,0.01750000000000001,-0.4,0.0,2,-1.5650000000000002
0.5,0.01750000000000001,0.4,0.0,3,-1.5650000000000002
0.5,0.02000000000000001,0.0,0.0,1,-0.9600000000000001
0.5,0.02000000000000001,-0.4,0.0,2,-1.5600000000000003
0.5,0.02000000000000001,0.4,0.0,3,-1.5600000000000003
0.5,0.02250000000000001,0.0,0.0,1,-0.9550000000000001
0.5,0.02250000000000001,-0.4,0.0,2,-1.5550000000000004
0.5,0.02250000000000001,0.4,0.0,3,-1.5550000000000004
0.5,0.025000000000000012,0.0,0.0,1,-0.95
0.5,0.025000000000000012,-0.4,0.0,2,-1.5500000000000003
0.5,0.025000000000000012,0.4,0.0,3,-1.5500000000000003
0.5,0.027500000000000014,0.0,0.0,1,-0.945
0.5,0.027500000000000014,-0.4,0.0,2,-1.5450000000000002
0.5,0.027500000000000014,0.4,0.0,3,-1.5450000000000002
0.5,0.030000000000000013,0.0,0.0,1,-0.94
0.5,0.030000000000000013,-0.4,0.0,2,-1.5400000000000003
0.5,0.030000000000000013,0.4,0.0,3,-1.5400000000000003
0.5,0.032500000000000015,0.0,0.0,1,-0.935
0.5,0.032500000000000015,-0.4,0.0,2,-1.5350000000000004
0.5,0.032500000000000015,0.4,0.0,3,-1.5350000000000004
0.5,0.03500000000000002,0.0,0.0,1,-0.9299999999999999
0.5,0.03500000000000002,-0.4,0.0,2,-1.5300000000000002
0.5,0.03500000000000002,0.4,0.0,3,-1.5300000000000002
0.5,0.03750000000000001,0.0,0.0,1,-0.9249999999999999
0.5,0.03750000000000001,-0.4,0.0,2,-1.5250000000000001
0.5,0.03750000000000001,0.4,0.0,3,-1.5250000000000001
0.5,0.04000000000000002,0.0,0.0,1,-0.9199999999999999
0.5,0.04000000000000002,-0.4,0.0,2,-1.5200000000000002
0.5,0.04000000000000002,0.4,0.0,3,-1.5200000000000002
0.5,0.042500000000000024,0.0,0.0,1,-0.915
0.5,0.042500000000000024,-0.4,0.0,2,-1.5150000000000003
0.5,0.042500000000000024,0.4,0.0,3,-1.5150000000000003
0.5,0.04500000000000002,0.0,0.0,1,-0.9099999999999999
0.5,0.04500000000000002,-0.4,0.0,2,-1.5100000000000002
0.5,0.04500000000000002,0.4,0.0,3,-1.5100000000000002
0.5,0.04750000000000002,0.0,0.0,1,-0.9049999999999999
0.5,0.04750000000000002,-0.4,0.0,2,-1.5050000000000001
0.5,0.04750000000000002,0.4,0.0,3,-1.5050000000000001
0.5,0.050000000000000024,0.0,0.0,1,-0.8999999999999999
0.5,0.050000000000000024,-0.4,0.0,2,-1.5000000000000002
0.5,0.050000000000000024,0.4,0.0,3,-1.5000000000000002
0.5,0.05250000000000002,0.0,0.0,1,-0.8949999999999999
0.5,0.05250000000000002,-0.4,0.0,2,-1.495
0.5,0.05250000000000002,0.4,0.0,3,-1.495
0.5,0.05500000000000003,0.0,0.0,1,-0.8899999999999999
0.5,0.05500000000000003,-0.4,0.0,2,-1.4900000000000002
0.5,0.05500000000000003,0.4,0.0,3,-1.4900000000000002
0.5,0.05750000000000003,0.0,0.0,1,-0.8849999999999999
0.5,0.05750000000000003,-0.4,0.0,2,-1.485
0.5,0.05750000000000003,0.4,0.0,3,-1.485
0.5,0.060000000000000026,0.0,0.0,1,-0.88
0.5,0.060000000000000026,-0.4,0.0,2,-1.4800000000000002
0.5,0.060000000000000026,0.4,0.0,3,-1.4800000000000002
0.5,0.06250000000000003,0.0,0.0,1,-0.875
0.5,0.06250000000000003,-0.4,0.0,2,-1.4750000000000003
0.5,0.06250000000000003,0.4,0.0,3,-1.4750000000000003
0.5,0.06500000000000003,0.0,0.0,1,-0.8699999999999999
0.5,0.06500000000000003,-0.4,0.0,2,-1.47
0.5,0.06500000000000003,0.4,0.0,3,-1.47
0.5,0.06750000000000003,0.0,0.0,1,-0.8649999999999999
0.5,0.06750000000000003,-0.4,0.0,2,-1.465
0.5,0.06750000000000003,0.4,0.0,3,-1.465
0.5,0.07000000000000003,0.0,0.0,1,-0.8599999999999999
0.5,0.07000000000000003,-0.4,0.0,2,-1.4600000000000002
0.5,0.07000000000000003,0.4,0.0,3,-1.4600000000000002
0.5,0.07250000000000002,0.0,0.0,1,-0.855
0.5,0.07250000000000002,-0.4,0.0,2,-1.4550000000000003
0.5,0.07250000000000002,0.4,0.0,3,-1.4550000000000003
0.5,0.07500000000000002,0.0,0.0,1,-0.8499999999999999
0.5,0.07500000000000002,-0.4,0.0,2,-1.45
0.5,0.07500000000000002,0.4,0.0,3,-1.45
0.5,0.07750000000000003,0.0,0.0,1,-0.8449999999999999
0.5,0.07750000000000003,-0.4,0.0,2,-1.445
0.5,0.07750000000000003,0.4,0.0,3,-1.445
0.5,0.08000000000000004,0.0,0.0,1,-0.8399999999999999
0.5,0.08000000000000004,-0.4,0.0,2,-1.4400000000000002
0.5,0.08000000000000004,0.4,0.0,3,-1.4400000000000002
0.5,0.08250000000000005,0.0,0.0,1,-0.8349999999999999
0.5,0.08250000000000005,-0.4,0.0,2,-1.435
0.5,0.08250000000000005,0.4,0.0,3,-1.435
0.5,0.08500000000000005,0.0,0.0,1,-0.8299999999999998
0.5,0.08500000000000005,-0.4,0.0,2,-1.43
0.5,0.08500000000000005,0.4,0.0,3,-1.43
0.5,0.08750000000000005,0.0,0.0,1,-0.8249999999999998
0.5,0.08750000000000005,-0.4,0.0,2,-1.425
0.5,0.08750000000000005,0.4,0.0,3,-1.425
0.5,0.09000000000000004,0.0,0.0,1,-0.8199999999999998
0.5,0.09000000000000004,-0.4,0.0,2,-1.4200000000000002
0.5,0.09000000000000004,0.4,0.0,3,-1.4200000000000002
0.5,0.09250000000000004,0.0,0.0,1,-0.8149999999999998
0.5,0.09250000000000004,-0.4,0.0,2,-1.415
0.5,0.09250000000000004,0.4,0.0,3,-1.415
0.5,0.09500000000000004,0.0,0.0,1,-0.8099999999999998
0.5,0.09500000000000004,-0.4,0.0,2,-1.41
0.5,0.09500000000000004,0.4,0.0,3,-1.41
0.5,0.09750000000000004,0.0,0.0,1,-0.8049999999999998
0.5,0.09750000000000004,-0.4,0.0,2,-1.405
0.5,0.09750000000000004,0.4,0.0,3,-1.405
0.5,0.10000000000000005,0.0,0.0,1,-0.7999999999999998
0.5,0.10000000000000005,-0.4,0.0,2,-1.4
0.5,0.10000000000000005,0.4,0.0,3,-1.4
0.5,0.10250000000000005,0.0,0.0,1,-0.7949999999999997
0.5,0.10250000000000005,-0.4,0.0,2,-1.395
0.5,0.10250000000000005,0.4,0.0,3,-1.395
0.5,0.10500000000000004,0.0,0.0,1,-0.7899999999999998
0.5,0.10500000000000004,-0.4,0.0,2,-1.39
0.5,0.10500000000000004,0.4,0.0,3,-1.39
0.5,0.10750000000000004,0.0,0.0,1,-0.7849999999999998
0.5,0.10750000000000004,-0.4,0.0,2,-1.385
0.5,0.10750000000000004,0.4,0.0,3,-1.385
0.5,0.11000000000000006,0.0,0.0,1,-0.7799999999999998
0.5,0.11000000000000006,-0.4,0.0,2,-1.38
0.5,0.11000000000000006,0.4,0.0,3,-1.38
0.5,0.11250000000000006,0.0,0.0,1,-0.7749999999999997
0.5,0.11250000000000006,-0.4,0.0,2,-1.375
0.5,0.11250000000000006,0.4,0.0,3,-1.375
0.5,0.11500000000000006,0.0,0.0,1,-0.7699999999999997
0.5,0.11500000000000006,-0.4,0.0,2,-1.3699999999999999
0.5,0.11500000000000006,0.4,0.0,3,-1.3699999999999999
0.5,0.11750000000000006,0.0,0.0,1,-0.7649999999999998
0.5,0.11750000000000006,-0.4,0.0,2,-1.365
0.5,0.11750000000000006,0.4,0.0,3,-1.365
0.5,0.12000000000000005,0.0,0.0,1,-0.7599999999999998
0.5,0.12000000000000005,-0.4,0.0,2,-1.3599999999999999
0.5,0.12000000000000005,0.4,0.0,3,-1.3599999999999999
0.5,0.12250000000000005,0.0,0.0,1,-0.7549999999999997
0.5,0.12250000000000005,-0.4,0.0,2,-1.355
0.5,0.12250000000000005,0.4,0.0,3,-1.355
0.5,0.12500000000000006,0.0,0.0,1,-0.7499999999999998
0.5,0.12500000000000006,-0.4,0.0,2,-1.3499999999999999
0.5,0.12500000000000006,0.4,0.0,3,-1.3499999999999999
0.5,0.12750000000000006,0.0,0.0,1,-0.7449999999999998
0.5,0.12750000000000006,-0.4,0.0,2,-1.345
0.5,0.12750000000000006,0.4,0.0,3,-1.345
0.5,0.13000000000000006,0.0,0.0,1,-0.7399999999999998
0.5,0.13000000000000006,-0.4,0.0,2,-1.3399999999999999
0.5,0.13000000000000006,0.4,0.0,3,-1.3399999999999999
0.5,0.13250000000000006,0.0,0.0,1,-0.7349999999999997
0.5,0.13250000000000006,-0.4,0.0,2,-1.335
0.5,0.13250000000000006,0.4,0.0,3,-1.335
0.5,0.13500000000000006,0.0,0.0,1,-0.7299999999999998
0.5,0.13500000000000006,-0.4,0.0,2,-1.3299999999999998
0.5,0.13500000000000006,0.4,0.0,3,-1.3299999999999998
0.5,0.13750000000000007,0.0,0.0,1,-0.7249999999999998
0.5,0.13750000000000007,-0.4,0.0,2,-1.325
0.5,0.13750000000000007,0.4,0.0,3,-1.325
0.5,0.14000000000000007,0.0,0.0,1,-0.7199999999999998
0.5,0.14000000000000007,-0.4,0.0,2,-1.3199999999999998
0.5,0.14000000000000007,0.4,0.0,3,-1.3199999999999998
0.5,0.14250000000000007,0.0,0.0,1,-0.7149999999999996
0.5,0.14250000000000007,-0.4,0.0,2,-1.315
0.5,0.14250000000000007,0.4,0.0,3,-1.315
0.5,0.14500000000000005,0.0,0.0,1,-0.7099999999999997
0.5,0.14500000000000005,-0.4,0.0,2,-1.31
0.5,0.14500000000000005,0.4,0.0,3,-1.31
0.5,0.14750000000000005,0.0,0.0,1,-0.7049999999999997
0.5,0.14750000000000005,-0.4,0.0,2,-1.305
0.5,0.14750000000000005,0.4,0.0,3,-1.305
0.5,0.15000000000000005,0.0,0.0,1,-0.6999999999999997
0.5,0.15000000000000005,-0.4,0.0,2,-1.3
0.5,0.15000000000000005,0.4,0.0,3,-1.3
0.5,0.15250000000000005,0.0,0.0,1,-0.6949999999999998
0.5,0.15250000000000005,-0.4,0.0,2,-1.295
0.5,0.15250000000000005,0.4,0.0,3,-1.295
0.5,0.15500000000000005,0.0,0.0,1,-0.6899999999999997
0.5,0.15500000000000005,-0.4,0.0,2,-1.29
0.5,0.15500000000000005,0.4,0.0,3,-1.29
0.5,0.15750000000000008,0.0,0.0,1,-0.6849999999999997
0.5,0.15750000000000008,-0.4,0.0,2,-1.285
0.5,0.15750000000000008,0.4,0.0,3,-1.285
0.5,0.1600000000000001,0.0,0.0,1,-0.6799999999999997
0.5,0.1600000000000001,-0.4,0.0,2,-1.28
0.5,0.1600000000000001,0.4,0.0,3,-1.28
0.5,0.1625000000000001,0.0,0.0,1,-0.6749999999999998
0.5,0.1625000000000001,-0.4,0.0,2,-1.275
0.5,0.1625000000000001,0.4,0.0,3,-1.275
0.5,0.1650000000000001,0.0,0.0,1,-0.6699999999999997
0.5,0.1650000000000001,-0.4,0.0,2,-1.27
0.5,0.1650000000000001,0.4,0.0,3,-1.27
0.5,0.1675000000000001,0.0,0.0,1,-0.6649999999999997
0.5,0.1675000000000001,-0.4,0.0,2,-1.265
0.5,0.1675000000000001,0.4,0.0,3,-1.265
0.5,0.1700000000000001,0.0,0.0,1,-0.6599999999999997
0.5,0.1700000000000001,-0.4,0.0,2,-1.26
0.5,0.1700000000000001,0.4,0.0,3,-1.26
0.5,0.1725000000000001,0.0,0.0,1,-0.6549999999999998
0.5,0.1725000000000001,-0.4,0.0,2,-1.255
0.5,0.1725000000000001,0.4,0.0,3,-1.255
0.5,0.1750000000000001,0.0,0.0,1,-0.6499999999999997
0.5,0.1750000000000001,-0.4,0.0,2,-1.25
0.5,0.1750000000000001,0.4,0.0,3,-1.25
0.5,0.17750000000000007,0.0,0.0,1,-0.6449999999999998
0.5,0.17750000000000007,-0.4,0.0,2,-1.2449999999999999
0.5,0.17750000000000007,0.4,0.0,3,-1.2449999999999999
0.5,0.18000000000000008,0.0,0.0,1,-0.6399999999999998
0.5,0.18000000000000008,-0.4,0.0,2,-1.24
0.5,0.18000000000000008,0.4,0.0,3,-1.24
0.5,0.18250000000000008,0.0,0.0,1,-0.6349999999999999
0.5,0.18250000000000008,-0.4,0.0,2,-1.235
0.5,0.18250000000000008,0.4,0.0,3,-1.235
0.5,0.18500000000000008,0.0,0.0,1,-0.6299999999999997
0.5,0.18500000000000008,-0.4,0.0,2,-1.23
0.5,0.18500000000000008,0.4,0.0,3,-1.23
0.5,0.18750000000000008,0.0,0.0,1,-0.6249999999999998
0.5,0.18750000000000008,-0.4,0.0,2,-1.2249999999999999
0.5,0.18750000000000008,0.4,0.0,3,-1.2249999999999999
0.5,0.19000000000000009,0.0,0.0,1,-0.6199999999999998
0.5,0.19000000000000009,-0.4,0.0,2,-1.22
0.5,0.19000000000000009,0.4,0.0,3,-1.22
0.5,0.1925000000000001,0.0,0.0,1,-0.6149999999999999
0.5,0.1925000000000001,-0.4,0.0,2,-1.215
0.5,0.1925000000000001,0.4,0.0,3,-1.215
0.5,0.1950000000000001,0.0,0.0,1,-0.6099999999999997
0.5,0.1950000000000001,-0.4,0.0,2,-1.21
0.5,0.1950000000000001,0.4,0.0,3,-1.21
0.5,0.1975000000000001,0.0,0.0,1,-0.6049999999999998
0.5,0.1975000000000001,-0.4,0.0,2,-1.2049999999999998
0.5,0.1975000000000001,0.4,0.0,3,-1.2049999999999998
0.5,0.2000000000000001,0.0,0.0,1,-0.5999999999999998
0.5,0.2000000000000001,-0.4,0.0,2,-1.2
0.5,0.2000000000000001,0.4,0.0,3,-1.2
0.5,0.2025000000000001,0.0,0.0,1,-0.5949999999999999
0.5,0.2025000000000001,-0.4,0.0,2,-1.195
0.5,0.2025000000000001,0.4,0.0,3,-1.195
0.5,0.2050000000000001,0.0,0.0,1,-0.5899999999999996
0.5,0.2050000000000001,-0.4,0.0,2,-1.19
0.5,0.2050000000000001,0.4,0.0,3,-1.19
0.5,0.2075000000000001,0.0,0.0,1,-0.5849999999999997
0.5,0.2075000000000001,-0.4,0.0,2,-1.1849999999999998
0.5,0.2075000000000001,0.4,0.0,3,-1.1849999999999998
0.5,0.21000000000000008,0.0,0.0,1,-0.5799999999999997
0.5,0.21000000000000008,-0.4,0.0,2,-1.18
0.5,0.21000000000000008,0.4,0.0,3,-1.18
0.5,0.21250000000000008,0.0,0.0,1,-0.5749999999999998
0.5,0.21250000000000008,-0.4,0.0,2,-1.175
0.5,0.21250000000000008,0.4,0.0,3,-1.175
0.5,0.21500000000000008,0.0,0.0,1,-0.5699999999999997
0.5,0.21500000000000008,-0.4,0.0,2,-1.17
0.5,0.21500000000000008,0.4,0.0,3,-1.17
0.5,0.21750000000000008,0.0,0.0,1,-0.5649999999999997
0.5,0.21750000000000008,-0.4,0.0,2,-1.165
0.5,0.21750000000000008,0.4,0.0,3,-1.165
0.5,0.2200000000000001,0.0,0.0,1,-0.5599999999999997
0.5,0.2200000000000001,-0.4,0.0,2,-1.16
0.5,0.2200000000000001,0.4,0.0,3,-1.16
0.5,0.22250000000000011,0.0,0.0,1,-0.5549999999999998
0.5,0.22250000000000011,-0.4,0.0,2,-1.155
0.5,0.22250000000000011,0.4,0.0,3,-1.155
0.5,0.22500000000000012,0.0,0.0,1,-0.5499999999999997
0.5,0.22500000000000012,-0.4,0.0,2,-1.15
0.5,0.22500000000000012,0.4,0.0,3,-1.15
0.5,0.22750000000000012,0.0,0.0,1,-0.5449999999999997
0.5,0.22750000000000012,-0.4,0.0,2,-1.145
0.5,0.22750000000000012,0.4,0.0,3,-1.145
0.5,0.23000000000000012,0.0,0.0,1,-0.5399999999999997
0.5,0.23000000000000012,-0.4,0.0,2,-1.14
0.5,0.23000000000000012,0.4,0.0,3,-1.14
0.5,0.23250000000000012,0.0,0.0,1,-0.5349999999999998
0.5,0.23250000000000012,-0.4,0.0,2,-1.135
0.5,0.23250000000000012,0.4,0.0,3,-1.135
0.5,0.23500000000000013,0.0,0.0,1,-0.5299999999999997
0.5,0.23500000000000013,-0.4,0.0,2,-1.13
0.5,0.23500000000000013,0.4,0.0,3,-1.13
0.5,0.23750000000000013,0.0,0.0,1,-0.5249999999999997
0.5,0.23750000000000013,-0.4,0.0,2,-1.125
0.5,0.23750000000000013,0.4,0.0,3,-1.125
0.5,0.2400000000000001,0.0,0.0,1,-0.5199999999999998
0.5,0.2400000000000001,-0.4,0.0,2,-1.1199999999999999
0.5,0.2400000000000001,0.4,0.0,3,-1.1199999999999999
0.5,0.2425000000000001,0.0,0.0,1,-0.5149999999999999
0.5,0.2425000000000001,-0.4,0.0,2,-1.115
0.5,0.2425000000000001,0.4,0.0,3,-1.115
0.5,0.2450000000000001,0.0,0.0,1,-0.5099999999999997
0.5,0.2450000000000001,-0.4,0.0,2,-1.1099999999999999
0.5,0.2450000000000001,0.4,0.0,3,-1.1099999999999999
0.5,0.2475000000000001,0.0,0.0,1,-0.5049999999999998
0.5,0.2475000000000001,-0.4,0.0,2,-1.105
0.5,0.2475000000000001,0.4,0.0,3,-1.105
0.5,0.2500000000000001,0.0,0.0,1,-0.4999999999999997
0.5,0.2500000000000001,-0.4,0.0,2,-1.0999999999999999
0.5,0.2500000000000001,0.4,0.0,3,-1.0999999999999999
0.5,0.2525000000000001,0.0,0.0,1,-0.49499999999999983
0.5,0.2525000000000001,-0.4,0.0,2,-1.095
0.5,0.2525000000000001,0.4,0.0,3,-1.095
0.5,0.2550000000000001,0.0,0.0,1,-0.48999999999999966
0.5,0.2550000000000001,-0.4,0.0,2,-1.0899999999999999
0.5,0.2550000000000001,0.4,0.0,3,-1.0899999999999999
0.5,0.2575000000000001,0.0,0.0,1,-0.48499999999999965
0.5,0.2575000000000001,-0.4,0.0,2,-1.085
0.5,0.2575000000000001,0.4,0.0,3,-1.085
0.5,0.2600000000000001,0.0,0.0,1,-0.4799999999999997
0.5,0.2600000000000001,-0.4,0.0,2,-1.0799999999999998
0.5,0.2600000000000001,0.4,0.0,3,-1.0799999999999998
0.5,0.2625000000000001,0.0,0.0,1,-0.47499999999999976
0.5,0.2625000000000001,-0.4,0.0,2,-1.075
0.5,0.2625000000000001,0.4,0.0,3,-1.075
0.5,0.2650000000000001,0.0,0.0,1,-0.46999999999999964
0.5,0.2650000000000001,-0.4,0.0,2,-1.0699999999999998
0.5,0.2650000000000001,0.4,0.0,3,-1.0699999999999998
0.5,0.2675000000000001,0.0,0.0,1,-0.46499999999999964
0.5,0.2675000000000001,-0.4,0.0,2,-1.065
0.5,0.2675000000000001,0.4,0.0,3,-1.065
0.5,0.27000000000000013,0.0,0.0,1,-0.4599999999999997
0.5,0.27000000000000013,-0.4,0.0,2,-1.0599999999999998
0.5,0.27000000000000013,0.4,0.0,3,-1.0599999999999998
0.5,0.27250000000000013,0.0,0.0,1,-0.45499999999999974
0.5,0.27250000000000013,-0.4,0.0,2,-1.055
0.5,0.27250000000000013,0.4,0.0,3,-1.055
0.5,0.27500000000000013,0.0,0.0,1,-0.4499999999999996
0.5,0.27500000000000013,-0.4,0.0,2,-1.0499999999999998
0.5,0.27500000000000013,0.4,0.0,3,-1.0499999999999998
0.5,0.27750000000000014,0.0,0.0,1,-0.4449999999999996
0.5,0.27750000000000014,-0.4,0.0,2,-1.045
0.5,0.27750000000000014,0.4,0.0,3,-1.045
0.5,0.28000000000000014,0.0,0.0,1,-0.43999999999999967
0.5,0.28000000000000014,-0.4,0.0,2,-1.0399999999999998
0.5,0.28000000000000014,0.4,0.0,3,-1.0399999999999998
0.5,0.28250000000000014,0.0,0.0,1,-0.4349999999999997
0.5,0.28250000000000014,-0.4,0.0,2,-1.035
0.5,0.28250000000000014,0.4,0.0,3,-1.035
0.5,0.28500000000000014,0.0,0.0,1,-0.4299999999999996
0.5,0.28500000000000014,-0.4,0.0,2,-1.0299999999999998
0.5,0.28500000000000014,0.4,0.0,3,-1.0299999999999998
0.5,0.28750000000000014,0.0,0.0,1,-0.4249999999999996
0.5,0.28750000000000014,-0.4,0.0,2,-1.025
0.5,0.28750000000000014,0.4,0.0,3,-1.025
0.5,0.2900000000000001,0.0,0.0,1,-0.41999999999999976
0.5,0.2900000000000001,-0.4,0.0,2,-1.02
0.5,0.2900000000000001,0.4,0.0,3,-1.02
0.5,0.2925000000000001,0.0,0.0,1,-0.4149999999999998
0.5,0.2925000000000001,-0.4,0.0,2,-1.015
0.5,0.2925000000000001,0.4,0.0,3,-1.015
0.5,0.2950000000000001,0.0,0.0,1,-0.4099999999999997
0.5,0.2950000000000001,-0.4,0.0,2,-1.0099999999999998
0.5,0.2950000000000001,0.4,0.0,3,-1.0099999999999998
0.5,0.2975000000000001,0.0,0.0,1,-0.40499999999999975
0.5,0.2975000000000001,-0.4,0.0,2,-1.005
0.5,0.2975000000000001,0.4,0.0,3,-1.005
0.5,0.3000000000000001,0.0,0.0,1,-0.39999999999999974
0.5,0.3000000000000001,-0.4,0.0,2,-0.9999999999999999
0.5,0.3000000000000001,0.4,0.0,3,-0.9999999999999999
0.5,0.3025000000000001,0.0,0.0,1,-0.3949999999999998
0.5,0.3025000000000001,-0.4,0.0,2,-0.995
0.5,0.3025000000000001,0.4,0.0,3,-0.995
0.5,0.3050000000000001,0.0,0.0,1,-0.3899999999999997
0.5,0.3050000000000001,-0.4,0.0,2,-0.9899999999999999
0.5,0.3050000000000001,0.4,0.0,3,-0.9899999999999999
0.5,0.3075000000000001,0.0,0.0,1,-0.38499999999999973
0.5,0.3075000000000001,-0.4,0.0,2,-0.9849999999999999
0.5,0.3075000000000001,0.4,0.0,3,-0.9849999999999999
0.5,0.3100000000000001,0.0,0.0,1,-0.3799999999999997
0.5,0.3100000000000001,-0.4,0.0,2,-0.9799999999999999
0.5,0.3100000000000001,0.4,0.0,3,-0.9799999999999999
0.5,0.31250000000000017,0.0,0.0,1,-0.3749999999999998
0.5,0.31250000000000017,-0.4,0.0,2,-0.975
0.5,0.31250000000000017,0.4,0.0,3,-0.975
0.5,0.31500000000000017,0.0,0.0,1,-0.36999999999999966
0.5,0.31500000000000017,-0.4,0.0,2,-0.9699999999999999
0.5,0.31500000000000017,0.4,0.0,3,-0.9699999999999999
0.5,0.31750000000000017,0.0,0.0,1,-0.3649999999999997
0.5,0.31750000000000017,-0.4,0.0,2,-0.9649999999999999
0.5,0.31750000000000017,0.4,0.0,3,-0.9649999999999999
0.5,0.3200000000000002,0.0,0.0,1,-0.3599999999999997
0.5,0.3200000000000002,-0.4,0.0,2,-0.9599999999999999
0.5,0.3200000000000002,0.4,0.0,3,-0.9599999999999999
0.5,0.3225000000000002,0.0,0.0,1,-0.35499999999999976
0.5,0.3225000000000002,-0.4,0.0,2,-0.955
0.5,0.3225000000000002,0.4,0.0,3,-0.955
0.5,0.3250000000000002,0.0,0.0,1,-0.34999999999999964
0.5,0.3250000000000002,-0.4,0.0,2,-0.9499999999999998
0.5,0.3250000000000002,0.4,0.0,3,-0.9499999999999998
0.5,0.3275000000000002,0.0,0.0,1,-0.3449999999999997
0.5,0.3275000000000002,-0.4,0.0,2,-0.9449999999999998
0.5,0.3275000000000002,0.4,0.0,3,-0.9449999999999998
0.5,0.3300000000000002,0.0,0.0,1,-0.3399999999999997
0.5,0.3300000000000002,-0.4,0.0,2,-0.9399999999999998
0.5,0.3300000000000002,0.4,0.0,3,-0.9399999999999998
0.5,0.3325000000000002,0.0,0.0,1,-0.33499999999999974
0.5,0.3325000000000002,-0.4,0.0,2,-0.9349999999999999
0.5,0.3325000000000002,0.4,0.0,3,-0.9349999999999999
0.5,0.3350000000000002,0.0,0.0,1,-0.3299999999999996
0.5,0.3350000000000002,-0.4,0.0,2,-0.9299999999999998
0.5,0.3350000000000002,0.4,0.0,3,-0.9299999999999998
0.5,0.3375000000000002,0.0,0.0,1,-0.3249999999999997
0.5,0.3375000000000002,-0.4,0.0,2,-0.9249999999999998
0.5,0.3375000000000002,0.4,0.0,3,-0.9249999999999998
0.5,0.3400000000000002,0.0,0.0,1,-0.3199999999999997
0.5,0.3400000000000002,-0.4,0.0,2,-0.9199999999999998
0.5,0.3400000000000002,0.4,0.0,3,-0.9199999999999998
0.5,0.3425000000000002,0.0,0.0,1,-0.3149999999999997
0.5,0.3425000000000002,-0.4,0.0,2,-0.9149999999999999
0.5,0.3425000000000002,0.4,0.0,3,-0.9149999999999999
0.5,0.3450000000000002,0.0,0.0,1,-0.3099999999999996
0.5,0.3450000000000002,-0.4,0.0,2,-0.9099999999999998
0.5,0.3450000000000002,0.4,0.0,3,-0.9099999999999998
0.5,0.3475000000000002,0.0,0.0,1,-0.30499999999999966
0.5,0.3475000000000002,-0.4,0.0,2,-0.9049999999999998
0.5,0.3475000000000002,0.4,0.0,3,-0.9049999999999998
0.5,0.3500000000000002,0.0,0.0,1,-0.29999999999999966
0.5,0.3500000000000002,-0.4,0.0,2,-0.8999999999999998
0.5,0.3500000000000002,0.4,0.0,3,-0.8999999999999998
0.5,0.35250000000000015,0.0,0.0,1,-0.2949999999999998
0.5,0.35250000000000015,-0.4,0.0,2,-0.895
0.5,0.35250000000000015,0.4,0.0,3,-0.895
0.5,0.35500000000000015,0.0,0.0,1,-0.2899999999999997
0.5,0.35500000000000015,-0.4,0.0,2,-0.8899999999999999
0.5,0.35500000000000015,0.4,0.0,3,-0.8899999999999999
0.5,0.35750000000000015,0.0,0.0,1,-0.2849999999999997
0.5,0.35750000000000015,-0.4,0.0,2,-0.8849999999999999
0.5,0.35750000000000015,0.4,0.0,3,-0.8849999999999999
0.5,0.36000000000000015,0.0,0.0,1,-0.27999999999999975
0.5,0.36000000000000015,-0.4,0.0,2,-0.88
0.5,0.36000000000000015,0.4,0.0,3,-0.88
0.5,0.36250000000000016,0.0,0.0,1,-0.2749999999999998
0.5,0.36250000000000016,-0.4,0.0,2,-0.875
0.5,0.36250000000000016,0.4,0.0,3,-0.875
0.5,0.36500000000000016,0.0,0.0,1,-0.2699999999999997
0.5,0.36500000000000016,-0.4,0.0,2,-0.8699999999999999
0.5,0.36500000000000016,0.4,0.0,3,-0.8699999999999999
0.5,0.36750000000000016,0.0,0.0,1,-0.2649999999999997
0.5,0.36750000000000016,-0.4,0.0,2,-0.8649999999999999
0.5,0.36750000000000016,0.4,0.0,3,-0.8649999999999999
0.5,0.37000000000000016,0.0,0.0,1,-0.25999999999999973
0.5,0.37000000000000016,-0.4,0.0,2,-0.86
0.5,0.37000000000000016,0.4,0.0,3,-0.86
0.5,0.37250000000000016,0.0,0.0,1,-0.2549999999999998
0.5,0.37250000000000016,-0.4,0.0,2,-0.855
0.5,0.37250000000000016,0.4,0.0,3,-0.855
0.5,0.37500000000000017,0.0,0.0,1,-0.24999999999999967
0.5,0.37500000000000017,-0.4,0.0,2,-0.8499999999999999
0.5,0.37500000000000017,0.4,0.0,3,-0.8499999999999999
0.5,0.37750000000000017,0.0,0.0,1,-0.24499999999999966
0.5,0.37750000000000017,-0.4,0.0,2,-0.8449999999999999
0.5,0.37750000000000017,0.4,0.0,3,-0.8449999999999999
0.5,0.38000000000000017,0.0,0.0,1,-0.2399999999999997
0.5,0.38000000000000017,-0.4,0.0,2,-0.84
0.5,0.38000000000000017,0.4,0.0,3,-0.84
0.5,0.3825000000000002,0.0,0.0,1,-0.23499999999999976
0.5,0.3825000000000002,-0.4,0.0,2,-0.835
0.5,0.3825000000000002,0.4,0.0,3,-0.835
0.5,0.3850000000000002,0.0,0.0,1,-0.22999999999999968
0.5,0.3850000000000002,-0.4,0.0,2,-0.8299999999999998
0.5,0.3850000000000002,0.4,0.0,3,-0.8299999999999998
0.5,0.3875000000000002,0.0,0.0,1,-0.22499999999999967
0.5,0.3875000000000002,-0.4,0.0,2,-0.8249999999999998
0.5,0.3875000000000002,0.4,0.0,3,-0.8249999999999998
0.5,0.3900000000000002,0.0,0.0,1,-0.21999999999999972
0.5,0.3900000000000002,-0.4,0.0,2,-0.82
0.5,0.3900000000000002,0.4,0.0,3,-0.82
0.5,0.3925000000000002,0.0,0.0,1,-0.21499999999999977
0.5,0.3925000000000002,-0.4,0.0,2,-0.815
0.5,0.3925000000000002,0.4,0.0,3,-0.815
0.5,0.3950000000000002,0.0,0.0,1,-0.20999999999505134
0.5,0.3950000000000002,-0.4,0.0,2,-0.8099999999999998
0.5,0.3950000000000002,0.4,0.0,3,-0.8099999999999998
0.5,0.3975000000000002,0.0,0.0,1,-0.20499999999416124
0.5,0.3975000000000002,-0.4,0.0,2,-0.8049999999999998
0.5,0.3975000000000002,0.4,0.0,3,-0.8049999999999998
0.5,0.4000000000000002,0.0,0.0,1,-0.2000000000042046
0.5,0.4000000000000002,-0.4,0.0,2,-0.7999999999999999
0.5,0.4000000000000002,0.4,0.0,3,-0.7999999999999999
0.5,0.4025000000000002,0.0,0.0,1,-0.19500000001331355
0.5,0.4025000000000002,-0.4,0.0,2,-0.7949999999999999
0.5,0.4025000000000002,0.4,0.0,3,-0.7949999999999999
0.5,0.4050000000000002,0.0,0.0,1,-0.19000000001331344
0.5,0.4050000000000002,-0.4,0.0,2,-0.7899999999999998
0.5,0.4050000000000002,0.4,0.0,3,-0.7899999999999998
0.5,0.4075000000000002,0.0,0.0,1,-0.18500000001331343
0.5,0.4075000000000002,-0.4,0.0,2,-0.7849999999999998
0.5,0.4075000000000002,0.4,0.0,3,-0.7849999999999998
0.5,0.4100000000000002,0.0,0.0,1,-0.18000000001331348
0.5,0.4100000000000002,-0.4,0.0,2,-0.7799999999999999
0.5,0.4100000000000002,0.4,0.0,3,-0.7799999999999999
0.5,0.4125000000000002,0.0,0.0,1,-0.17500000001331353
0.5,0.4125000000000002,-0.4,0.0,2,-0.7749999999999999
0.5,0.4125000000000002,0.4,0.0,3,-0.7749999999999999
0.5,0.4150000000000002,0.0,0.0,1,-0.17000000001331345
0.5,0.4150000000000002,-0.4,0.0,2,-0.7699999999999998
0.5,0.4150000000000002,0.4,0.0,3,-0.7699999999999998
0.5,0.41750000000000015,0.0,0.0,1,-0.16500000001331358
0.5,0.41750000000000015,-0.4,0.0,2,-0.7649999999999999
0.5,0.41750000000000015,0.4,0.0,3,-0.7649999999999999
0.5,0.42000000000000015,0.0,0.0,1,-0.16000000001331366
0.5,0.42000000000000015,-0.4,0.0,2,-0.76
0.5,0.42000000000000015,0.4,0.0,3,-0.76
0.5,0.42250000000000015,0.0,0.0,1,-0.15500000001331363
0.5,0.42250000000000015,-0.4,0.0,2,-0.755
0.5,0.42250000000000015,0.4,0.0,3,-0.755
0.5,0.42500000000000016,0.0,0.0,1,-0.15000000001331357
0.5,0.42500000000000016,-0.4,0.0,2,-0.7499999999999999
0.5,0.42500000000000016,0.4,0.0,3,-0.7499999999999999
0.5,0.42750000000000016,0.0,0.0,1,-0.1450000000133136
0.5,0.42750000000000016,-0.4,0.0,2,-0.7449999999999999
0.5,0.42750000000000016,0.4,0.0,3,-0.7449999999999999
0.5,0.43000000000000016,0.0,0.0,1,-0.14000000001331367
0.5,0.43000000000000016,-0.4,0.0,2,-0.74
0.5,0.43000000000000016,0.4,0.0,3,-0.74
0.5,0.43250000000000016,0.0,0.0,1,-0.13500000001331364
0.5,0.43250000000000016,-0.4,0.0,2,-0.735
0.5,0.43250000000000016,0.4,0.0,3,-0.735
0.5,0.43500000000000016,0.0,0.0,1,-0.13000000001331358
0.5,0.43500000000000016,-0.4,0.0,2,-0.7299999999999999
0.5,0.43500000000000016,0.4,0.0,3,-0.7299999999999999
0.5,0.4375000000000002,0.0,0.0,1,-0.1250000000133136
0.5,0.4375000000000002,-0.4,0.0,2,-0.7249999999999999
0.5,0.4375000000000002,0.4,0.0,3,-0.7249999999999999
0.5,0.4400000000000002,0.0,0.0,1,-0.12000000001331368
0.5,0.4400000000000002,-0.4,0.0,2,-0.72
0.5,0.4400000000000002,0.4,0.0,3,-0.72
0.5,0.4425000000000002,0.0,0.0,1,-0.11500000001331365
0.5,0.4425000000000002,-0.4,0.0,2,-0.715
0.5,0.4425000000000002,0.4,0.0,3,-0.715
0.5,0.44500000000000023,0.0,0.0,1,-0.11000000001331359
0.5,0.44500000000000023,-0.4,0.0,2,-0.7099999999999999
0.5,0.44500000000000023,0.4,0.0,3,-0.7099999999999999
0.5,0.44750000000000023,0.0,0.0,1,-0.10500000001331361
0.5,0.44750000000000023,-0.4,0.0,2,-0.7049999999999998
0.5,0.44750000000000023,0.4,0.0,3,-0.7049999999999998
0.5,0.45000000000000023,0.0,0.0,1,-0.10000000001331369
0.5,0.45000000000000023,-0.4,0.0,2,-0.7
0.5,0.45000000000000023,0.4,0.0,3,-0.7
0.5,0.45250000000000024,0.0,0.0,1,-0.09500000001331366
0.5,0.45250000000000024,-0.4,0.0,2,-0.695
0.5,0.45250000000000024,0.4,0.0,3,-0.695
0.5,0.45500000000000024,0.0,0.0,1,-0.0900000000133136
0.5,0.45500000000000024,-0.4,0.0,2,-0.6899999999999998
0.5,0.45500000000000024,0.4,0.0,3,-0.6899999999999998
0.5,0.45750000000000024,0.0,0.0,1,-0.08500000001331362
0.5,0.45750000000000024,-0.4,0.0,2,-0.6849999999999998
0.5,0.45750000000000024,0.4,0.0,3,-0.6849999999999998
0.5,0.46000000000000024,0.0,0.0,1,-0.0800000000133137
0.5,0.46000000000000024,-0.4,0.0,2,-0.6799999999999999
0.5,0.46000000000000024,0.4,0.0,3,-0.6799999999999999
0.5,0.46250000000000024,0.0,0.0,1,-0.07500000001331367
0.5,0.46250000000000024,-0.4,0.0,2,-0.6749999999999999
0.5,0.46250000000000024,0.4,0.0,3,-0.6749999999999999
0.5,0.46500000000000025,0.0,0.0,1,-0.0700000000133136
0.5,0.46500000000000025,-0.4,0.0,2,-0.6699999999999998
0.5,0.46500000000000025,0.4,0.0,3,-0.6699999999999998
0.5,0.46750000000000025,0.0,0.0,1,-0.06500000001331363
0.5,0.46750000000000025,-0.4,0.0,2,-0.6649999999999998
0.5,0.46750000000000025,0.4,0.0,3,-0.6649999999999998
0.5,0.47000000000000025,0.0,0.0,1,-0.0600000000133137
0.5,0.47000000000000025,-0.4,0.0,2,-0.6599999999999999
0.5,0.47000000000000025,0.4,0.0,3,-0.6599999999999999
0.5,0.47250000000000025,0.0,0.0,1,-0.05500000001331368
0.5,0.47250000000000025,-0.4,0.0,2,-0.6549999999999999
0.5,0.47250000000000025,0.4,0.0,3,-0.6549999999999999
0.5,0.47500000000000026,0.0,0.0,1,-0.05000000001331361
0.5,0.47500000000000026,-0.4,0.0,2,-0.6499999999999998
0.5,0.47500000000000026,0.4,0.0,3,-0.6499999999999998
0.5,0.47750000000000026,0.0,0.0,1,-0.045000000013313626
0.5,0.47750000000000026,-0.4,0.0,2,-0.6449999999999998
0.5,0.47750000000000026,0.4,0.0,3,-0.6449999999999998
0.5,0.4800000000000002,0.0,0.0,1,-0.04000000001331376
0.5,0.4800000000000002,-0.4,0.0,2,-0.6399999999999999
0.5,0.4800000000000002,0.4,0.0,3,-0.6399999999999999
0.5,0.4825000000000002,0.0,0.0,1,-0.03500000001331382
0.5,0.4825000000000002,-0.4,0.0,2,-0.635
0.5,0.4825000000000002,0.4,0.0,3,-0.635
0.5,0.4850000000000002,0.0,0.0,1,-0.030000000013313727
0.5,0.4850000000000002,-0.4,0.0,2,-0.6299999999999999
0.5,0.4850000000000002,0.4,0.0,3,-0.6299999999999999
0.5,0.4875000000000002,0.0,0.0,1,-0.025000000013313723
0.5,0.4875000000000002,-0.4,0.0,2,-0.6249999999999999
0.5,0.4875000000000002,0.4,0.0,3,-0.6249999999999999
0.5,0.4900000000000002,0.0,0.0,1,-0.020000000013313767
0.5,0.4900000000000002,-0.4,0.0,2,-0.6199999999999999
0.5,0.4900000000000002,0.4,0.0,3,-0.6199999999999999
0.5,0.4925000000000002,0.0,0.0,1,-0.015000000013313823
0.5,0.4925000000000002,-0.4,0.0,2,-0.615
0.5,0.4925000000000002,0.4,0.0,3,-0.615
0.5,0.4950000000000002,0.0,0.0,1,-0.010000000013313734
0.5,0.4950000000000002,-0.4,0.0,2,-0.6099999999999999
0.5,0.4950000000000002,0.4,0.0,3,-0.6099999999999999
0.5,0.4975000000000002,0.0,0.0,1,-0.005000000013313728
0.5,0.4975000000000002,-0.4,0.0,2,-0.6049999999999999
0.5,0.4975000000000002,0.4,0.0,3,-0.6049999999999999
0.5,0.5000000000000002,0.0,0.0,1,-1.3313770988454544e-11
0.5,0.5000000000000002,-0.4,0.0,2,-0.5999999999999999
0.5,0.5000000000000002,0.4,0.0,3,-0.5999999999999999
0.5,0.5025000000000003,0.0,0.0,1,0.004999999986686316
0.5,0.5025000000000003,-0.4,0.0,2,-0.5949999999999999
0.5,0.5025000000000003,0.4,0.0,3,-0.5949999999999999
0.5,0.5050000000000002,0.0,0.0,1,0.009999999986686263
0.5,0.5050000000000002,-0.4,0.0,2,-0.5899999999999999
0.5,0.5050000000000002,0.4,0.0,3,-0.5899999999999999
0.5,0.5075000000000003,0.0,0.0,1,0.014999999986686361
0.5,0.5075000000000003,-0.4,0.0,2,-0.5849999999999997
0.5,0.5075000000000003,0.4,0.0,3,-0.5849999999999997
0.5,0.5100000000000002,0.0,0.0,1,0.019999999986686227
0.5,0.5100000000000002,-0.4,0.0,2,-0.5799999999999998
0.5,0.5100000000000002,0.4,0.0,3,-0.5799999999999998
0.5,0.5125000000000002,0.0,0.0,1,0.02499999998668607
0.5,0.5125000000000002,-0.4,0.0,2,-0.5750000000000001
0.5,0.5125000000000002,0.4,0.0,3,-0.5750000000000001
0.5,0.5150000000000002,0.0,0.0,1,0.02999999998668626
0.5,0.5150000000000002,-0.4,0.0,2,-0.5699999999999998
0.5,0.5150000000000002,0.4,0.0,3,-0.5699999999999998
0.5,0.5175000000000002,0.0,0.0,1,0.034999999986686126
0.5,0.5175000000000002,-0.4,0.0,2,-0.565
0.5,0.5175000000000002,0.4,0.0,3,-0.565
0.5,0.5200000000000002,0.0,0.0,1,0.03999999998668622
0.5,0.5200000000000002,-0.4,0.0,2,-0.5599999999999998
0.5,0.5200000000000002,0.4,0.0,3,-0.5599999999999998
0.5,0.5225000000000002,0.0,0.0,1,0.044999999986686065
0.5,0.5225000000000002,-0.4,0.0,2,-0.555
0.5,0.5225000000000002,0.4,0.0,3,-0.555
0.5,0.5250000000000002,0.0,0.0,1,0.04999999998668625
0.5,0.5250000000000002,-0.4,0.0,2,-0.5499999999999998
0.5,0.5250000000000002,0.4,0.0,3,-0.5499999999999998
0.5,0.5275000000000002,0.0,0.0,1,0.054999999986686116
0.5,0.5275000000000002,-0.4,0.0,2,-0.5449999999999999
0.5,0.5275000000000002,0.4,0.0,3,-0.5449999999999999
0.5,0.5300000000000002,0.0,0.0,1,0.05999999998668622
0.5,0.5300000000000002,-0.4,0.0,2,-0.5399999999999998
0.5,0.5300000000000002,0.4,0.0,3,-0.5399999999999998
0.5,0.5325000000000002,0.0,0.0,1,0.06499999998668606
0.5,0.5325000000000002,-0.4,0.0,2,-0.535
0.5,0.5325000000000002,0.4,0.0,3,-0.535
0.5,0.5350000000000003,0.0,0.0,1,0.06999999998668625
0.5,0.5350000000000003,-0.4,0.0,2,-0.5299999999999998
0.5,0.5350000000000003,0.4,0.0,3,-0.5299999999999998
0.5,0.5375000000000002,0.0,0.0,1,0.07499999998668612
0.5,0.5375000000000002,-0.4,0.0,2,-0.5249999999999999
0.5,0.5375000000000002,0.4,0.0,3,-0.5249999999999999
0.5,0.5400000000000003,0.0,0.0,1,0.07999999998668621
0.5,0.5400000000000003,-0.4,0.0,2,-0.5199999999999998
0.5,0.5400000000000003,0.4,0.0,3,-0.5199999999999998
0.5,0.5425000000000002,0.0,0.0,1,0.08499999998668606
0.5,0.5425000000000002,-0.4,0.0,2,-0.515
0.5,0.5425000000000002,0.4,0.0,3,-0.515
0.5,0.5450000000000003,0.0,0.0,1,0.08999999998668624
0.5,0.5450000000000003,-0.4,0.0,2,-0.5099999999999998
0.5,0.5450000000000003,0.4,0.0,3,-0.5099999999999998
0.5,0.5475000000000002,0.0,0.0,1,0.09499999998668611
0.5,0.5475000000000002,-0.4,0.0,2,-0.5049999999999999
0.5,0.5475000000000002,0.4,0.0,3,-0.5049999999999999
0.5,0.5500000000000003,0.0,0.0,1,0.0999999999866862
0.5,0.5500000000000003,-0.4,0.0,2,-0.49999999999999983
0.5,0.5500000000000003,0.4,0.0,3,-0.49999999999999983
0.5,0.5525000000000002,0.0,0.0,1,0.10499999998668605
0.5,0.5525000000000002,-0.4,0.0,2,-0.495
0.5,0.5525000000000002,0.4,0.0,3,-0.495
0.5,0.5550000000000003,0.0,0.0,1,0.10999999998668623
0.5,0.5550000000000003,-0.4,0.0,2,-0.48999999999999977
0.5,0.5550000000000003,0.4,0.0,3,-0.48999999999999977
0.5,0.5575000000000002,0.0,0.0,1,0.1149999999866861
0.5,0.5575000000000002,-0.4,0.0,2,-0.48499999999999993
0.5,0.5575000000000002,0.4,0.0,3,-0.48499999999999993
0.5,0.5600000000000003,0.0,0.0,1,0.11999999998668619
0.5,0.5600000000000003,-0.4,0.0,2,-0.4799999999999998
0.5,0.5600000000000003,0.4,0.0,3,-0.4799999999999998
0.5,0.5625000000000002,0.0,0.0,1,0.12499999998668604
0.5,0.5625000000000002,-0.4,0.0,2,-0.475
0.5,0.5625000000000002,0.4,0.0,3,-0.475
0.5,0.5650000000000003,0.0,0.0,1,0.1299999999866862
0.5,0.5650000000000003,-0.4,0.0,2,-0.46999999999999975
0.5,0.5650000000000003,0.4,0.0,3,-0.46999999999999975
0.5,0.5675000000000002,0.0,0.0,1,0.13499999998668608
0.5,0.5675000000000002,-0.4,0.0,2,-0.4649999999999999
0.5,0.5675000000000002,0.4,0.0,3,-0.4649999999999999
0.5,0.5700000000000003,0.0,0.0,1,0.1399999999866862
0.5,0.5700000000000003,-0.4,0.0,2,-0.4599999999999998
0.5,0.5700000000000003,0.4,0.0,3,-0.4599999999999998
0.5,0.5725000000000002,0.0,0.0,1,0.14499999998668603
0.5,0.5725000000000002,-0.4,0.0,2,-0.45499999999999996
0.5,0.5725000000000002,0.4,0.0,3,-0.45499999999999996
0.5,0.5750000000000003,0.0,0.0,1,0.14999999998668623
0.5,0.5750000000000003,-0.4,0.0,2,-0.44999999999999973
0.5,0.5750000000000003,0.4,0.0,3,-0.44999999999999973
0.5,0.5775000000000002,0.0,0.0,1,0.1549999999866861
0.5,0.5775000000000002,-0.4,0.0,2,-0.4449999999999999
0.5,0.5775000000000002,0.4,0.0,3,-0.4449999999999999
0.5,0.5800000000000002,0.0,0.0,1,0.15999999998668596
0.5,0.5800000000000002,-0.4,0.0,2,-0.44
0.5,0.5800000000000002,0.4,0.0,3,-0.44
0.5,0.5825000000000002,0.0,0.0,1,0.16499999998668602
0.5,0.5825000000000002,-0.4,0.0,2,-0.43499999999999994
0.5,0.5825000000000002,0.4,0.0,3,-0.43499999999999994
0.5,0.5850000000000002,0.0,0.0,1,0.169999999986686
0.5,0.5850000000000002,-0.4,0.0,2,-0.42999999999999994
0.5,0.5850000000000002,0.4,0.0,3,-0.42999999999999994
0.5,0.5875000000000002,0.0,0.0,1,0.17499999998668608
0.5,0.5875000000000002,-0.4,0.0,2,-0.4249999999999999
0.5,0.5875000000000002,0.4,0.0,3,-0.4249999999999999
0.5,0.5900000000000002,0.0,0.0,1,0.17999999998668595
0.5,0.5900000000000002,-0.4,0.0,2,-0.42
0.5,0.5900000000000002,0.4,0.0,3,-0.42
0.5,0.5925000000000002,0.0,0.0,1,0.184999999986686
0.5,0.5925000000000002,-0.4,0.0,2,-0.4149999999999999
0.5,0.5925000000000002,0.4,0.0,3,-0.4149999999999999
0.5,0.5950000000000002,0.0,0.0,1,0.18999999998668599
0.5,0.5950000000000002,-0.4,0.0,2,-0.4099999999999999
0.5,0.5950000000000002,0.4,0.0,3,-0.4099999999999999
0.5,0.5975000000000003,0.0,0.0,1,0.19499999998668607
0.5,0.5975000000000003,-0.4,0.0,2,-0.40499999999999986
0.5,0.5975000000000003,0.4,0.0,3,-0.40499999999999986
0.5,0.6000000000000002,0.0,0.0,1,0.19999999998668594
0.5,0.6000000000000002,-0.4,0.0,2,-0.39999999999999997
0.5,0.6000000000000002,0.4,0.0,3,-0.39999999999999997
0.5,0.6025000000000003,0.0,0.0,1,0.204999999986686
0.5,0.6025000000000003,-0.4,0.0,2,-0.3949999999999999
0.5,0.6025000000000003,0.4,0.0,3,-0.3949999999999999
0.5,0.6050000000000002,0.0,0.0,1,0.20999999998668598
0.5,0.6050000000000002,-0.4,0.0,2,-0.3899999999999999
0.5,0.6050000000000002,0.4,0.0,3,-0.3899999999999999
0.5,0.6075000000000003,0.0,0.0,1,0.21499999998668606
0.5,0.6075000000000003,-0.4,0.0,2,-0.38499999999999984
0.5,0.6075000000000003,0.4,0.0,3,-0.38499999999999984
0.5,0.6100000000000002,0.0,0.0,1,0.21999999998668593
0.5,0.6100000000000002,-0.4,0.0,2,-0.37999999999999995
0.5,0.6100000000000002,0.4,0.0,3,-0.37999999999999995
0.5,0.6125000000000003,0.0,0.0,1,0.224999999986686
0.5,0.6125000000000003,-0.4,0.0,2,-0.3749999999999999
0.5,0.6125000000000003,0.4,0.0,3,-0.3749999999999999
0.5,0.6150000000000002,0.0,0.0,1,0.22999999998668597
0.5,0.6150000000000002,-0.4,0.0,2,-0.3699999999999999
0.5,0.6150000000000002,0.4,0.0,3,-0.3699999999999999
0.5,0.6175000000000003,0.0,0.0,1,0.23499999998668605
0.5,0.6175000000000003,-0.4,0.0,2,-0.3649999999999998
0.5,0.6175000000000003,0.4,0.0,3,-0.3649999999999998
0.5,0.6200000000000002,0.0,0.0,1,0.23999999998668592
0.5,0.6200000000000002,-0.4,0.0,2,-0.35999999999999993
0.5,0.6200000000000002,0.4,0.0,3,-0.35999999999999993
0.5,0.6225000000000003,0.0,0.0,1,0.24499999998668598
0.5,0.6225000000000003,-0.4,0.0,2,-0.35499999999999987
0.5,0.6225000000000003,0.4,0.0,3,-0.35499999999999987
0.5,0.6250000000000003,0.0,0.0,1,0.24999999998668596
0.5,0.6250000000000003,-0.4,0.0,2,-0.34999999999999987
0.5,0.6250000000000003,0.4,0.0,3,-0.34999999999999987
0.5,0.6275000000000004,0.0,0.0,1,0.25499999998668604
0.5,0.6275000000000004,-0.4,0.0,2,-0.3449999999999998
0.5,0.6275000000000004,0.4,0.0,3,-0.3449999999999998
0.5,0.6300000000000003,0.0,0.0,1,0.2599999999866859
0.5,0.6300000000000003,-0.4,0.0,2,-0.3399999999999999
0.5,0.6300000000000003,0.4,0.0,3,-0.3399999999999999
0.5,0.6325000000000004,0.0,0.0,1,0.264999999986686
0.5,0.6325000000000004,-0.4,0.0,2,-0.33499999999999985
0.5,0.6325000000000004,0.4,0.0,3,-0.33499999999999985
0.5,0.6350000000000003,0.0,0.0,1,0.26999999998668595
0.5,0.6350000000000003,-0.4,0.0,2,-0.32999999999999985
0.5,0.6350000000000003,0.4,0.0,3,-0.32999999999999985
0.5,0.6375000000000004,0.0,0.0,1,0.274999999986686
0.5,0.6375000000000004,-0.4,0.0,2,-0.3249999999999998
0.5,0.6375000000000004,0.4,0.0,3,-0.3249999999999998
0.5,0.6400000000000003,0.0,0.0,1,0.2799999999866859
0.5,0.6400000000000003,-0.4,0.0,2,-0.3199999999999999
0.5,0.6400000000000003,0.4,0.0,3,-0.3199999999999999
0.5,0.6425000000000003,0.0,0.0,1,0.2849999999866858
0.5,0.6425000000000003,-0.4,0.0,2,-0.315
0.5,0.6425000000000003,0.4,0.0,3,-0.315
0.5,0.6450000000000004,0.0,0.0,1,0.28999999998668596
0.5,0.6450000000000004,-0.4,0.0,2,-0.30999999999999983
0.5,0.6450000000000004,0.4,0.0,3,-0.30999999999999983
0.5,0.6475000000000003,0.0,0.0,1,0.29499999998668586
0.5,0.6475000000000003,-0.4,0.0,2,-0.30499999999999994
0.5,0.6475000000000003,0.4,0.0,3,-0.30499999999999994
0.5,0.6500000000000004,0.0,0.0,1,0.2999999999866859
0.5,0.6500000000000004,-0.4,0.0,2,-0.2999999999999999
0.5,0.6500000000000004,0.4,0.0,3,-0.2999999999999999
0.5,0.6525000000000003,0.0,0.0,1,0.3049999999866858
0.5,0.6525000000000003,-0.4,0.0,2,-0.295
0.5,0.6525000000000003,0.4,0.0,3,-0.295
0.5,0.6550000000000004,0.0,0.0,1,0.309999999986686
0.5,0.6550000000000004,-0.4,0.0,2,-0.2899999999999998
0.5,0.6550000000000004,0.4,0.0,3,-0.2899999999999998
0.5,0.6575000000000003,0.0,0.0,1,0.3149999999866859
0.5,0.6575000000000003,-0.4,0.0,2,-0.2849999999999999
0.5,0.6575000000000003,0.4,0.0,3,-0.2849999999999999
0.5,0.6600000000000004,0.0,0.0,1,0.31999999998668593
0.5,0.6600000000000004,-0.4,0.0,2,-0.27999999999999986
0.5,0.6600000000000004,0.4,0.0,3,-0.27999999999999986
0.5,0.6625000000000003,0.0,0.0,1,0.32499999998668583
0.5,0.6625000000000003,-0.4,0.0,2,-0.27499999999999997
0.5,0.6625000000000003,0.4,0.0,3,-0.27499999999999997
0.5,0.6650000000000004,0.0,0.0,1,0.329999999986686
0.5,0.6650000000000004,-0.4,0.0,2,-0.2699999999999998
0.5,0.6650000000000004,0.4,0.0,3,-0.2699999999999998
0.5,0.6675000000000003,0.0,0.0,1,0.3349999999866859
0.5,0.6675000000000003,-0.4,0.0,2,-0.2649999999999999
0.5,0.6675000000000003,0.4,0.0,3,-0.2649999999999999
0.5,0.6700000000000004,0.0,0.0,1,0.33999999998668595
0.5,0.6700000000000004,-0.4,0.0,2,-0.25999999999999984
0.5,0.6700000000000004,0.4,0.0,3,-0.25999999999999984
0.5,0.6725000000000003,0.0,0.0,1,0.34499999998668585
0.5,0.6725000000000003,-0.4,0.0,2,-0.25499999999999995
0.5,0.6725000000000003,0.4,0.0,3,-0.25499999999999995
0.5,0.6750000000000004,0.0,0.0,1,0.349999999986686
0.5,0.6750000000000004,-0.4,0.0,2,-0.24999999999999978
0.5,0.6750000000000004,0.4,0.0,3,-0.24999999999999978
0.5,0.6775000000000003,0.0,0.0,1,0.3549999999866859
0.5,0.6775000000000003,-0.4,0.0,2,-0.2449999999999999
0.5,0.6775000000000003,0.4,0.0,3,-0.2449999999999999
0.5,0.6800000000000004,0.0,0.0,1,0.35999999998668597
0.5,0.6800000000000004,-0.4,0.0,2,-0.23999999999999982
0.5,0.6800000000000004,0.4,0.0,3,-0.23999999999999982
0.5,0.6825000000000003,0.0,0.0,1,0.36499999998668586
0.5,0.6825000000000003,-0.4,0.0,2,-0.23499999999999993
0.5,0.6825000000000003,0.4,0.0,3,-0.23499999999999993
0.5,0.6850000000000004,0.0,0.0,1,0.36999999998668603
0.5,0.6850000000000004,-0.4,0.0,2,-0.2299999999999998
0.5,0.6850000000000004,0.4,0.0,3,-0.2299999999999998
0.5,0.6875000000000003,0.0,0.0,1,0.37499999998668593
0.5,0.6875000000000003,-0.4,0.0,2,-0.22499999999999992
0.5,0.6875000000000003,0.4,0.0,3,-0.22499999999999992
0.5,0.6900000000000004,0.0,0.0,1,0.379999999986686
0.5,0.6900000000000004,-0.4,0.0,2,-0.21999999999999983
0.5,0.6900000000000004,0.4,0.0,3,-0.21999999999999983
0.5,0.6925000000000003,0.0,0.0,1,0.3849999999866859
0.5,0.6925000000000003,-0.4,0.0,2,-0.21499999999999994
0.5,0.6925000000000003,0.4,0.0,3,-0.21499999999999994
0.5,0.6950000000000004,0.0,0.0,1,0.38999999998668605
0.5,0.6950000000000004,-0.4,0.0,2,-0.2099999999999998
0.5,0.6950000000000004,0.4,0.0,3,-0.2099999999999998
0.5,0.6975000000000003,0.0,0.0,1,0.39499999998668595
0.5,0.6975000000000003,-0.4,0.0,2,-0.20499999999999993
0.5,0.6975000000000003,0.4,0.0,3,-0.20499999999999993
0.5,0.7000000000000004,0.0,0.0,1,0.399999999986686
0.5,0.7000000000000004,-0.4,0.0,2,-0.19999999999999984
0.5,0.7000000000000004,0.4,0.0,3,-0.19999999999999984
0.5,0.7025000000000003,0.0,0.0,1,0.4049999999866859
0.5,0.7025000000000003,-0.4,0.0,2,-0.19499999999999995
0.5,0.7025000000000003,0.4,0.0,3,-0.19499999999999995
0.5,0.7050000000000003,0.0,0.0,1,0.40999999998668585
0.5,0.7050000000000003,-0.4,0.0,2,-0.19000000000000003
0.5,0.7050000000000003,0.4,0.0,3,-0.19000000000000003
0.5,0.7075000000000004,0.0,0.0,1,0.41499999998668596
0.5,0.7075000000000004,-0.4,0.0,2,-0.18499999999999994
0.5,0.7075000000000004,0.4,0.0,3,-0.18499999999999994
0.5,0.7100000000000003,0.0,0.0,1,0.4199999999866858
0.5,0.7100000000000003,-0.4,0.0,2,-0.18000000000000005
0.5,0.7100000000000003,0.4,0.0,3,-0.18000000000000005
0.5,0.7125000000000004,0.0,0.0,1,0.4249999999866859
0.5,0.7125000000000004,-0.4,0.0,2,-0.17499999999999996
0.5,0.7125000000000004,0.4,0.0,3,-0.17499999999999996
0.5,0.7150000000000003,0.0,0.0,1,0.42999999998668587
0.5,0.7150000000000003,-0.4,0.0,2,-0.17000000000000004
0.5,0.7150000000000003,0.4,0.0,3,-0.17000000000000004
0.5,0.7175000000000004,0.0,0.0,1,0.434999999986686
0.5,0.7175000000000004,-0.4,0.0,2,-0.16499999999999995
0.5,0.7175000000000004,0.4,0.0,3,-0.16499999999999995
0.5,0.7200000000000003,0.0,0.0,1,0.4399999999866858
0.5,0.7200000000000003,-0.4,0.0,2,-0.16000000000000006
0.5,0.7200000000000003,0.4,0.0,3,-0.16000000000000006
0.5,0.7225000000000004,0.0,0.0,1,0.44499999998668593
0.5,0.7225000000000004,-0.4,0.0,2,-0.15499999999999997
0.5,0.7225000000000004,0.4,0.0,3,-0.15499999999999997
0.5,0.7250000000000003,0.0,0.0,1,0.4499999999866859
0.5,0.7250000000000003,-0.4,0.0,2,-0.15000000000000005
0.5,0.7250000000000003,0.4,0.0,3,-0.15000000000000005
0.5,0.7275000000000004,0.0,0.0,1,0.454999999986686
0.5,0.7275000000000004,-0.4,0.0,2,-0.14499999999999996
0.5,0.7275000000000004,0.4,0.0,3,-0.14499999999999996
0.5,0.7300000000000003,0.0,0.0,1,0.45999999998668584
0.5,0.7300000000000003,-0.4,0.0,2,-0.14000000000000007
0.5,0.7300000000000003,0.4,0.0,3,-0.14000000000000007
0.5,0.7325000000000004,0.0,0.0,1,0.46499999998668595
0.5,0.7325000000000004,-0.4,0.0,2,-0.13499999999999998
0.5,0.7325000000000004,0.4,0.0,3,-0.13499999999999998
0.5,0.7350000000000003,0.0,0.0,1,0.4699999999866859
0.5,0.7350000000000003,-0.4,0.0,2,-0.13000000000000006
0.5,0.7350000000000003,0.4,0.0,3,-0.13000000000000006
0.5,0.7375000000000004,0.0,0.0,1,0.474999999986686
0.5,0.7375000000000004,-0.4,0.0,2,-0.12499999999999996
0.5,0.7375000000000004,0.4,0.0,3,-0.12499999999999996
0.5,0.7400000000000003,0.0,0.0,1,0.47999999998668585
0.5,0.7400000000000003,-0.4,0.0,2,-0.12000000000000008
0.5,0.7400000000000003,0.4,0.0,3,-0.12000000000000008
0.5,0.7425000000000004,0.0,0.0,1,0.48499999998668597
0.5,0.7425000000000004,-0.4,0.0,2,-0.11499999999999999
0.5,0.7425000000000004,0.4,0.0,3,-0.11499999999999999
0.5,0.7450000000000003,0.0,0.0,1,0.4899999999866859
0.5,0.7450000000000003,-0.4,0.0,2,-0.11000000000000007
0.5,0.7450000000000003,0.4,0.0,3,-0.11000000000000007
0.5,0.7475000000000004,0.0,0.0,1,0.49499999998668603
0.5,0.7475000000000004,-0.4,0.0,2,-0.10499999999999997
0.5,0.7475000000000004,0.4,0.0,3,-0.10499999999999997
0.5,0.7500000000000003,0.0,0.0,1,0.4999999999866859
0.5,0.7500000000000003,-0.4,0.0,2,-0.10000000000000009
0.5,0.7500000000000003,0.4,0.0,3,-0.10000000000000009
0.5,0.7525000000000004,0.0,0.0,1,0.504999999986686
0.5,0.7525000000000004,-0.4,0.0,2,-0.095
0.5,0.7525000000000004,0.4,0.0,3,-0.095
0.5,0.7550000000000003,0.0,0.0,1,0.5099999999866859
0.5,0.7550000000000003,-0.4,0.0,2,-0.09000000000000008
0.5,0.7550000000000003,0.4,0.0,3,-0.09000000000000008
0.5,0.7575000000000004,0.0,0.0,1,0.514999999986686
0.5,0.7575000000000004,-0.4,0.0,2,-0.08499999999999998
0.5,0.7575000000000004,0.4,0.0,3,-0.08499999999999998
0.5,0.7600000000000003,0.0,0.0,1,0.5199999999866859
0.5,0.7600000000000003,-0.4,0.0,2,-0.0800000000000001
0.5,0.7600000000000003,0.4,0.0,3,-0.0800000000000001
0.5,0.7625000000000004,0.0,0.0,1,0.5249999999866859
0.5,0.7625000000000004,-0.4,0.0,2,-0.07500000000000001
0.5,0.7625000000000004,0.4,0.0,3,-0.07500000000000001
0.5,0.7650000000000003,0.0,0.0,1,0.5299999999866859
0.5,0.7650000000000003,-0.4,0.0,2,-0.07000000000000009
0.5,0.7650000000000003,0.4,0.0,3,-0.07000000000000009
0.5,0.7675000000000004,0.0,0.0,1,0.534999999986686
0.5,0.7675000000000004,-0.4,0.0,2,-0.06499999999999999
0.5,0.7675000000000004,0.4,0.0,3,-0.06499999999999999
0.5,0.7700000000000004,0.0,0.0,1,0.5399999999866859
0.5,0.7700000000000004,-0.4,0.0,2,-0.06000000000000011
0.5,0.7700000000000004,0.4,0.0,3,-0.06000000000000011
0.5,0.7725000000000003,0.0,0.0,1,0.5449999999866857
0.5,0.7725000000000003,-0.4,0.0,2,-0.05500000000000026
0.5,0.7725000000000003,0.4,0.0,3,-0.05500000000000026
0.5,0.7750000000000004,0.0,0.0,1,0.5499999999866859
0.5,0.7750000000000004,-0.4,0.0,2,-0.05000000000000009
0.5,0.7750000000000004,0.4,0.0,3,-0.05000000000000009
0.5,0.7775000000000003,0.0,0.0,1,0.5549999999866858
0.5,0.7775000000000003,-0.4,0.0,2,-0.04500000000000022
0.5,0.7775000000000003,0.4,0.0,3,-0.04500000000000022
0.5,0.7800000000000004,0.0,0.0,1,0.5599999999866859
0.5,0.7800000000000004,-0.4,0.0,2,-0.04000000000000011
0.5,0.7800000000000004,0.4,0.0,3,-0.04000000000000011
0.5,0.7825000000000003,0.0,0.0,1,0.5649999999866857
0.5,0.7825000000000003,-0.4,0.0,2,-0.03500000000000026
0.5,0.7825000000000003,0.4,0.0,3,-0.03500000000000026
0.5,0.7850000000000004,0.0,0.0,1,0.5699999999866859
0.5,0.7850000000000004,-0.4,0.0,2,-0.030000000000000096
0.5,0.7850000000000004,0.4,0.0,3,-0.030000000000000096
0.5,0.7875000000000003,0.0,0.0,1,0.5749999999866858
0.5,0.7875000000000003,-0.4,0.0,2,-0.025000000000000223
0.5,0.7875000000000003,0.4,0.0,3,-0.025000000000000223
0.5,0.7900000000000004,0.0,0.0,1,0.5799999999866859
0.5,0.7900000000000004,-0.4,0.0,2,-0.020000000000000115
0.5,0.7900000000000004,0.4,0.0,3,-0.020000000000000115
0.5,0.7925000000000003,0.0,0.0,1,0.5849999999866857
0.5,0.7925000000000003,-0.4,0.0,2,-0.015000000000000265
0.5,0.7925000000000003,0.4,0.0,3,-0.015000000000000265
0.5,0.7950000000000004,0.0,0.0,1,0.589999999986686
0.5,0.7950000000000004,-0.4,0.0,2,-0.0100000000000001
0.5,0.7950000000000004,0.4,0.0,3,-0.0100000000000001
0.5,0.7975000000000003,0.0,0.0,1,0.5949999999866858
0.5,0.7975000000000003,-0.4,0.0,2,-0.005000000000000227
0.5,0.7975000000000003,0.4,0.0,3,-0.005000000000000227
0.5,0.8000000000000004,0.0,0.0,1,0.599999999986686
0.5,0.8000000000000004,-0.4,0.0,2,-1.2080614286702576e-16
0.5,0.8000000000000004,0.4,0.0,3,-1.2080614286702576e-16
0.5,0.8025000000000003,0.0,0.0,1,0.6049999999866857
0.5,0.8025000000000003,-0.4,0.0,2,0.00499999999999973
0.5,0.8025000000000003,0.4,0.0,3,0.00499999999999973
0.5,0.8050000000000004,0.0,0.0,1,0.609999999986686
0.5,0.8050000000000004,-0.4,0.0,2,0.009999999999999894
0.5,0.8050000000000004,0.4,0.0,3,0.009999999999999894
0.5,0.8075000000000003,0.0,0.0,1,0.6149999999866859
0.5,0.8075000000000003,-0.4,0.0,2,0.014999999999999769
0.5,0.8075000000000003,0.4,0.0,3,0.014999999999999769
0.5,0.8100000000000004,0.0,0.0,1,0.619999999986686
0.5,0.8100000000000004,-0.4,0.0,2,0.019999999999999876
0.5,0.8100000000000004,0.4,0.0,3,0.019999999999999876
0.5,0.8125000000000003,0.0,0.0,1,0.6249999999866858
0.5,0.8125000000000003,-0.4,0.0,2,0.024999999999999727
0.5,0.8125000000000003,0.4,0.0,3,0.024999999999999727
0.5,0.8150000000000004,0.0,0.0,1,0.629999999986686
0.5,0.8150000000000004,-0.4,0.0,2,0.02999999999999989
0.5,0.8150000000000004,0.4,0.0,3,0.02999999999999989
0.5,0.8175000000000003,0.0,0.0,1,0.6349999999866859
0.5,0.8175000000000003,-0.4,0.0,2,0.03499999999999977
0.5,0.8175000000000003,0.4,0.0,3,0.03499999999999977
0.5,0.8200000000000004,0.0,0.0,1,0.639999999986686
0.5,0.8200000000000004,-0.4,0.0,2,0.03999999999999987
0.5,0.8200000000000004,0.4,0.0,3,0.03999999999999987
0.5,0.8225000000000003,0.0,0.0,1,0.6449999999866858
0.5,0.8225000000000003,-0.4,0.0,2,0.04499999999999972
0.5,0.8225000000000003,0.4,0.0,3,0.04499999999999972
0.5,0.8250000000000004,0.0,0.0,1,0.649999999986686
0.5,0.8250000000000004,-0.4,0.0,2,0.049999999999999885
0.5,0.8250000000000004,0.4,0.0,3,0.049999999999999885
0.5,0.8275000000000003,0.0,0.0,1,0.6549999999866859
0.5,0.8275000000000003,-0.4,0.0,2,0.05499999999999976
0.5,0.8275000000000003,0.4,0.0,3,0.05499999999999976
0.5,0.8300000000000004,0.0,0.0,1,0.659999999986686
0.5,0.8300000000000004,-0.4,0.0,2,0.059999999999999866
0.5,0.8300000000000004,0.4,0.0,3,0.059999999999999866
0.5,0.8325000000000004,0.0,0.0,1,0.6649999999866858
0.5,0.8325000000000004,-0.4,0.0,2,0.06499999999999971
0.5,0.8325000000000004,0.4,0.0,3,0.06499999999999971
0.5,0.8350000000000003,0.0,0.0,1,0.6699999999866858
0.5,0.8350000000000003,-0.4,0.0,2,0.06999999999999966
0.5,0.8350000000000003,0.4,0.0,3,0.06999999999999966
0.5,0.8375000000000004,0.0,0.0,1,0.6749999999866859
0.5,0.8375000000000004,-0.4,0.0,2,0.07499999999999976
0.5,0.8375000000000004,0.4,0.0,3,0.07499999999999976
0.5,0.8400000000000003,0.0,0.0,1,0.6799999999866857
0.5,0.8400000000000003,-0.4,0.0,2,0.07999999999999959
0.5,0.8400000000000003,0.4,0.0,3,0.07999999999999959
0.5,0.8425000000000004,0.0,0.0,1,0.6849999999866858
0.5,0.8425000000000004,-0.4,0.0,2,0.08499999999999971
0.5,0.8425000000000004,0.4,0.0,3,0.08499999999999971
0.5,0.8450000000000003,0.0,0.0,1,0.6899999999866858
0.5,0.8450000000000003,-0.4,0.0,2,0.08999999999999965
0.5,0.8450000000000003,0.4,0.0,3,0.08999999999999965
0.5,0.8475000000000004,0.0,0.0,1,0.6949999999866859
0.5,0.8475000000000004,-0.4,0.0,2,0.09499999999999975
0.5,0.8475000000000004,0.4,0.0,3,0.09499999999999975
0.5,0.8500000000000003,0.0,0.0,1,0.6999999999866857
0.5,0.8500000000000003,-0.4,0.0,2,0.09999999999999958
0.5,0.8500000000000003,0.4,0.0,3,0.09999999999999958
0.5,0.8525000000000004,0.0,0.0,1,0.7049999999866858
0.5,0.8525000000000004,-0.4,0.0,2,0.1049999999999997
0.5,0.8525000000000004,0.4,0.0,3,0.1049999999999997
0.5,0.8550000000000003,0.0,0.0,1,0.7099999999866858
0.5,0.8550000000000003,-0.4,0.0,2,0.10999999999999964
0.5,0.8550000000000003,0.4,0.0,3,0.10999999999999964
0.5,0.8575000000000004,0.0,0.0,1,0.714999999986686
0.5,0.8575000000000004,-0.4,0.0,2,0.11499999999999974
0.5,0.8575000000000004,0.4,0.0,3,0.11499999999999974
0.5,0.8600000000000003,0.0,0.0,1,0.7199999999866857
0.5,0.8600000000000003,-0.4,0.0,2,0.11999999999999957
0.5,0.8600000000000003,0.4,0.0,3,0.11999999999999957
0.5,0.8625000000000004,0.0,0.0,1,0.7249999999866859
0.5,0.8625000000000004,-0.4,0.0,2,0.1249999999999997
0.5,0.8625000000000004,0.4,0.0,3,0.1249999999999997
0.5,0.8650000000000003,0.0,0.0,1,0.7299999999866859
0.5,0.8650000000000003,-0.4,0.0,2,0.12999999999999964
0.5,0.8650000000000003,0.4,0.0,3,0.12999999999999964
0.5,0.8675000000000004,0.0,0.0,1,0.734999999986686
0.5,0.8675000000000004,-0.4,0.0,2,0.13499999999999973
0.5,0.8675000000000004,0.4,0.0,3,0.13499999999999973
0.5,0.8700000000000003,0.0,0.0,1,0.7399999999866858
0.5,0.8700000000000003,-0.4,0.0,2,0.13999999999999957
0.5,0.8700000000000003,0.4,0.0,3,0.13999999999999957
0.5,0.8725000000000004,0.0,0.0,1,0.7449999999866859
0.5,0.8725000000000004,-0.4,0.0,2,0.14499999999999968
0.5,0.8725000000000004,0.4,0.0,3,0.14499999999999968
0.5,0.8750000000000004,0.0,0.0,1,0.7499999999866859
0.5,0.8750000000000004,-0.4,0.0,2,0.14999999999999963
0.5,0.8750000000000004,0.4,0.0,3,0.14999999999999963
0.5,0.8775000000000005,0.0,0.0,1,0.754999999986686
0.5,0.8775000000000005,-0.4,0.0,2,0.15499999999999972
0.5,0.8775000000000005,0.4,0.0,3,0.15499999999999972
0.5,0.8800000000000004,0.0,0.0,1,0.7599999999866858
0.5,0.8800000000000004,-0.4,0.0,2,0.15999999999999956
0.5,0.8800000000000004,0.4,0.0,3,0.15999999999999956
0.5,0.8825000000000005,0.0,0.0,1,0.7649999999866859
0.5,0.8825000000000005,-0.4,0.0,2,0.16499999999999967
0.5,0.8825000000000005,0.4,0.0,3,0.16499999999999967
0.5,0.8850000000000005,0.0,0.0,1,0.7699999999866859
0.5,0.8850000000000005,-0.4,0.0,2,0.16999999999999962
0.5,0.8850000000000005,0.4,0.0,3,0.16999999999999962
0.5,0.8875000000000005,0.0,0.0,1,0.774999999986686
0.5,0.8875000000000005,-0.4,0.0,2,0.1749999999999997
0.5,0.8875000000000005,0.4,0.0,3,0.1749999999999997
0.5,0.8900000000000005,0.0,0.0,1,0.7799999999866858
0.5,0.8900000000000005,-0.4,0.0,2,0.17999999999999955
0.5,0.8900000000000005,0.4,0.0,3,0.17999999999999955
0.5,0.8925000000000005,0.0,0.0,1,0.7849999999866859
0.5,0.8925000000000005,-0.4,0.0,2,0.18499999999999966
0.5,0.8925000000000005,0.4,0.0,3,0.18499999999999966
0.5,0.8950000000000005,0.0,0.0,1,0.7899999999866859
0.5,0.8950000000000005,-0.4,0.0,2,0.1899999999999996
0.5,0.8950000000000005,0.4,0.0,3,0.1899999999999996
0.5,0.8975000000000004,0.0,0.0,1,0.7949999999866858
0.5,0.8975000000000004,-0.4,0.0,2,0.1949999999999995
0.5,0.8975000000000004,0.4,0.0,3,0.1949999999999995
0.5,0.9000000000000005,0.0,0.0,1,0.7999999999866858
0.5,0.9000000000000005,-0.4,0.0,2,0.19999999999999954
0.5,0.9000000000000005,0.4,0.0,3,0.19999999999999954
0.5,0.9025000000000004,0.0,0.0,1,0.8049999999866858
0.5,0.9025000000000004,-0.4,0.0,2,0.2049999999999995
0.5,0.9025000000000004,0.4,0.0,3,0.2049999999999995
0.5,0.9050000000000005,0.0,0.0,1,0.8099999999866859
0.5,0.9050000000000005,-0.4,0.0,2,0.2099999999999996
0.5,0.9050000000000005,0.4,0.0,3,0.2099999999999996
0.5,0.9075000000000004,0.0,0.0,1,0.8149999999866858
0.5,0.9075000000000004,-0.4,0.0,2,0.2149999999999995
0.5,0.9075000000000004,0.4,0.0,3,0.2149999999999995
0.5,0.9100000000000005,0.0,0.0,1,0.8199999999866858
0.5,0.9100000000000005,-0.4,0.0,2,0.21999999999999953
0.5,0.9100000000000005,0.4,0.0,3,0.21999999999999953
0.5,0.9125000000000004,0.0,0.0,1,0.8249999999866858
0.5,0.9125000000000004,-0.4,0.0,2,0.22499999999999948
0.5,0.9125000000000004,0.4,0.0,3,0.22499999999999948
0.5,0.9150000000000005,0.0,0.0,1,0.8299999999866859
0.5,0.9150000000000005,-0.4,0.0,2,0.2299999999999996
0.5,0.9150000000000005,0.4,0.0,3,0.2299999999999996
0.5,0.9175000000000004,0.0,0.0,1,0.8349999999866858
0.5,0.9175000000000004,-0.4,0.0,2,0.2349999999999995
0.5,0.9175000000000004,0.4,0.0,3,0.2349999999999995
0.5,0.9200000000000005,0.0,0.0,1,0.8399999999866858
0.5,0.9200000000000005,-0.4,0.0,2,0.23999999999999952
0.5,0.9200000000000005,0.4,0.0,3,0.23999999999999952
0.5,0.9225000000000004,0.0,0.0,1,0.8449999999866858
0.5,0.9225000000000004,-0.4,0.0,2,0.24499999999999947
0.5,0.9225000000000004,0.4,0.0,3,0.24499999999999947
0.5,0.9250000000000005,0.0,0.0,1,0.849999999986686
0.5,0.9250000000000005,-0.4,0.0,2,0.24999999999999958
0.5,0.9250000000000005,0.4,0.0,3,0.24999999999999958
0.5,0.9275000000000004,0.0,0.0,1,0.8549999999866859
0.5,0.9275000000000004,-0.4,0.0,2,0.25499999999999945
0.5,0.9275000000000004,0.4,0.0,3,0.25499999999999945
0.5,0.9300000000000005,0.0,0.0,1,0.8599999999866859
0.5,0.9300000000000005,-0.4,0.0,2,0.2599999999999995
0.5,0.9300000000000005,0.4,0.0,3,0.2599999999999995
0.5,0.9325000000000004,0.0,0.0,1,0.8649999999866859
0.5,0.9325000000000004,-0.4,0.0,2,0.26499999999999946
0.5,0.9325000000000004,0.4,0.0,3,0.26499999999999946
0.5,0.9350000000000005,0.0,0.0,1,0.869999999986686
0.5,0.9350000000000005,-0.4,0.0,2,0.2699999999999996
0.5,0.9350000000000005,0.4,0.0,3,0.2699999999999996
0.5,0.9375000000000004,0.0,0.0,1,0.8749999999866859
0.5,0.9375000000000004,-0.4,0.0,2,0.27499999999999947
0.5,0.9375000000000004,0.4,0.0,3,0.27499999999999947
0.5,0.9400000000000005,0.0,0.0,1,0.8799999999866859
0.5,0.9400000000000005,-0.4,0.0,2,0.2799999999999995
0.5,0.9400000000000005,0.4,0.0,3,0.2799999999999995
0.5,0.9425000000000004,0.0,0.0,1,0.8849999999866859
0.5,0.9425000000000004,-0.4,0.0,2,0.2849999999999994
0.5,0.9425000000000004,0.4,0.0,3,0.2849999999999994
0.5,0.9450000000000005,0.0,0.0,1,0.889999999986686
0.5,0.9450000000000005,-0.4,0.0,2,0.2899999999999996
0.5,0.9450000000000005,0.4,0.0,3,0.2899999999999996
0.5,0.9475000000000005,0.0,0.0,1,0.8949999999866859
0.5,0.9475000000000005,-0.4,0.0,2,0.2949999999999995
0.5,0.9475000000000005,0.4,0.0,3,0.2949999999999995
0.5,0.9500000000000005,0.0,0.0,1,0.8999999999866859
0.5,0.9500000000000005,-0.4,0.0,2,0.29999999999999954
0.5,0.9500000000000005,0.4,0.0,3,0.29999999999999954
0.5,0.9525000000000005,0.0,0.0,1,0.9049999999866859
0.5,0.9525000000000005,-0.4,0.0,2,0.30499999999999944
0.5,0.9525000000000005,0.4,0.0,3,0.30499999999999944
0.5,0.9550000000000005,0.0,0.0,1,0.909999999986686
0.5,0.9550000000000005,-0.4,0.0,2,0.3099999999999996
0.5,0.9550000000000005,0.4,0.0,3,0.3099999999999996
0.5,0.9575000000000005,0.0,0.0,1,0.9149999999866859
0.5,0.9575000000000005,-0.4,0.0,2,0.3149999999999995
0.5,0.9575000000000005,0.4,0.0,3,0.3149999999999995
0.5,0.9600000000000004,0.0,0.0,1,0.9199999999866858
0.5,0.9600000000000004,-0.4,0.0,2,0.31999999999999934
0.5,0.9600000000000004,0.4,0.0,3,0.31999999999999934
0.5,0.9625000000000005,0.0,0.0,1,0.9249999999866859
0.5,0.9625000000000005,-0.4,0.0,2,0.32499999999999946
0.5,0.9625000000000005,0.4,0.0,3,0.32499999999999946
0.5,0.9650000000000004,0.0,0.0,1,0.9299999999866858
0.5,0.9650000000000004,-0.4,0.0,2,0.3299999999999994
0.5,0.9650000000000004,0.4,0.0,3,0.3299999999999994
0.5,0.9675000000000005,0.0,0.0,1,0.9349999999866859
0.5,0.9675000000000005,-0.4,0.0,2,0.3349999999999995
0.5,0.9675000000000005,0.4,0.0,3,0.3349999999999995
0.5,0.9700000000000004,0.0,0.0,1,0.9399999999866858
0.5,0.9700000000000004,-0.4,0.0,2,0.33999999999999936
0.5,0.9700000000000004,0.4,0.0,3,0.33999999999999936
0.5,0.9725000000000005,0.0,0.0,1,0.9449999999866859
0.5,0.9725000000000005,-0.4,0.0,2,0.3449999999999995
0.5,0.9725000000000005,0.4,0.0,3,0.3449999999999995
0.5,0.9750000000000004,0.0,0.0,1,0.9499999999866858
0.5,0.9750000000000004,-0.4,0.0,2,0.3499999999999994
0.5,0.9750000000000004,0.4,0.0,3,0.3499999999999994
0.5,0.9775000000000005,0.0,0.0,1,0.9549999999866859
0.5,0.9775000000000005,-0.4,0.0,2,0.35499999999999954
0.5,0.9775000000000005,0.4,0.0,3,0.35499999999999954
0.5,0.9800000000000004,0.0,0.0,1,0.9599999999866858
0.5,0.9800000000000004,-0.4,0.0,2,0.3599999999999994
0.5,0.9800000000000004,0.4,0.0,3,0.3599999999999994
0.5,0.9825000000000005,0.0,0.0,1,0.964999999986686
0.5,0.9825000000000005,-0.4,0.0,2,0.3649999999999995
0.5,0.9825000000000005,0.4,0.0,3,0.3649999999999995
0.5,0.9850000000000004,0.0,0.0,1,0.9699999999866858
0.5,0.9850000000000004,-0.4,0.0,2,0.36999999999999944
0.5,0.9850000000000004,0.4,0.0,3,0.36999999999999944
0.5,0.9875000000000005,0.0,0.0,1,0.974999999986686
0.5,0.9875000000000005,-0.4,0.0,2,0.37499999999999956
0.5,0.9875000000000005,0.4,0.0,3,0.37499999999999956
0.5,0.9900000000000004,0.0,0.0,1,0.9799999999866859
0.5,0.9900000000000004,-0.4,0.0,2,0.3799999999999994
0.5,0.9900000000000004,0.4,0.0,3,0.3799999999999994
0.5,0.9925000000000005,0.0,0.0,1,0.984999999986686
0.5,0.9925000000000005,-0.4,0.0,2,0.3849999999999995
0.5,0.9925000000000005,0.4,0.0,3,0.3849999999999995
0.5,0.9950000000000004,0.0,0.0,1,0.9899999999866859
0.5,0.9950000000000004,-0.4,0.0,2,0.38999999999999946
0.5,0.9950000000000004,0.4,0.0,3,0.38999999999999946
0.5,0.9975000000000005,0.0,0.0,1,0.994999999986686
0.5,0.9975000000000005,-0.4,0.0,2,0.3949999999999996
0.5,0.9975000000000005,0.4,0.0,3,0.3949999999999996
